datetime,open,high,low,close,volume
2026-02-01T22:00:00+00:00,1.359939999999999,1.3603399999999986,1.3588099999999987,1.3595199999999987,5378.723709196509
2026-02-01T23:00:00+00:00,1.3595199999999987,1.3642799999999988,1.3588499999999988,1.362359999999999,8753
2026-02-02T00:00:00+00:00,1.362359999999999,1.362359999999999,1.359849999999999,1.3602599999999987,14640
2026-02-02T01:00:00+00:00,1.3602599999999987,1.3633199999999988,1.3602599999999987,1.3610399999999987,13220
2026-02-02T02:00:00+00:00,1.3610399999999987,1.3630799999999987,1.3604499999999988,1.3629399999999987,8895
2026-02-02T03:00:00+00:00,1.3629399999999987,1.363509999999999,1.3622299999999987,1.3633199999999988,7263
2026-02-02T04:00:00+00:00,1.3633199999999988,1.3636199999999987,1.3623099999999988,1.3629199999999988,5573
2026-02-02T05:00:00+00:00,1.3629199999999988,1.3657199999999987,1.3628699999999987,1.3647199999999988,6892
2026-02-02T06:00:00+00:00,1.3647199999999988,1.3659999999999988,1.3640999999999988,1.3644299999999987,9575
2026-02-02T07:00:00+00:00,1.3644299999999987,1.3647399999999987,1.3634599999999988,1.3637299999999988,10786
2026-02-02T08:00:00+00:00,1.3637299999999988,1.3639899999999987,1.3612199999999988,1.3628599999999989,14535
2026-02-02T09:00:00+00:00,1.3628599999999989,1.3639999999999988,1.3615699999999988,1.3616599999999988,14530
2026-02-02T10:00:00+00:00,1.3616599999999988,1.3625699999999987,1.361239999999999,1.3618599999999987,11828
2026-02-02T11:00:00+00:00,1.3618599999999987,1.362189999999999,1.3610099999999987,1.3617699999999988,9419
2026-02-02T12:00:00+00:00,1.3617699999999988,1.3627299999999989,1.3612099999999987,1.3622299999999987,10126
2026-02-02T13:00:00+00:00,1.3622299999999987,1.3651799999999987,1.3621999999999987,1.3648399999999987,17362
2026-02-02T14:00:00+00:00,1.3648399999999987,1.3656299999999988,1.3622599999999987,1.3640299999999987,18734
2026-02-02T15:00:00+00:00,1.3640299999999987,1.3678199999999987,1.3638099999999989,1.3677199999999987,27635
2026-02-02T16:00:00+00:00,1.3677199999999987,1.367849999999999,1.3656699999999988,1.3662199999999989,19560
2026-02-02T17:00:00+00:00,1.3662199999999989,1.3671599999999988,1.3658199999999987,1.3670499999999988,12597
2026-02-02T18:00:00+00:00,1.3670499999999988,1.3687899999999988,1.3669499999999988,1.3679099999999988,11044
2026-02-02T19:00:00+00:00,1.3679099999999988,1.3681599999999987,1.3665399999999988,1.3669799999999988,8843
2026-02-02T20:00:00+00:00,1.3669799999999988,1.3674599999999988,1.3655699999999988,1.3657899999999987,9186
2026-02-02T21:00:00+00:00,1.3657899999999987,1.3668199999999988,1.3652799999999987,1.3665399999999988,4838
2026-02-02T22:00:00+00:00,1.3665399999999988,1.366769999999999,1.3659699999999988,1.366599999999999,841.9494266241873
2026-02-02T23:00:00+00:00,1.366599999999999,1.366899999999999,1.3658099999999989,1.3658099999999989,2080
2026-02-03T00:00:00+00:00,1.3658099999999989,1.365899999999999,1.364799999999999,1.364849999999999,3469
2026-02-03T01:00:00+00:00,1.364849999999999,1.3653699999999989,1.364369999999999,1.364609999999999,4974
2026-02-03T02:00:00+00:00,1.364609999999999,1.3665199999999988,1.364449999999999,1.366239999999999,4018
2026-02-03T03:00:00+00:00,1.366239999999999,1.366549999999999,1.3639799999999989,1.364229999999999,8233
2026-02-03T04:00:00+00:00,1.364229999999999,1.3651999999999989,1.364009999999999,1.364769999999999,4632
2026-02-03T05:00:00+00:00,1.364769999999999,1.365279999999999,1.364369999999999,1.3649999999999989,3999
2026-02-03T06:00:00+00:00,1.3649999999999989,1.365079999999999,1.363919999999999,1.364709999999999,4782
2026-02-03T07:00:00+00:00,1.364709999999999,1.364919999999999,1.3636399999999989,1.364089999999999,7623
2026-02-03T08:00:00+00:00,1.364089999999999,1.365789999999999,1.363959999999999,1.365759999999999,10842
2026-02-03T09:00:00+00:00,1.365759999999999,1.367049999999999,1.365479999999999,1.3669299999999989,11317
2026-02-03T10:00:00+00:00,1.3669299999999989,1.3670999999999989,1.366229999999999,1.3666899999999989,7236
2026-02-03T11:00:00+00:00,1.3666899999999989,1.367069999999999,1.366029999999999,1.3663199999999989,7603
2026-02-03T12:00:00+00:00,1.3663199999999989,1.366439999999999,1.3641499999999989,1.364159999999999,7367
2026-02-03T13:00:00+00:00,1.364159999999999,1.365109999999999,1.363179999999999,1.3650999999999989,12091
2026-02-03T14:00:00+00:00,1.3650999999999989,1.366569999999999,1.364259999999999,1.365449999999999,16010
2026-02-03T15:00:00+00:00,1.365449999999999,1.366269999999999,1.3630299999999989,1.363729999999999,20890
2026-02-03T16:00:00+00:00,1.363729999999999,1.363859999999999,1.362129999999999,1.363079999999999,13241
2026-02-03T17:00:00+00:00,1.363079999999999,1.3637799999999989,1.362159999999999,1.363429999999999,12886
2026-02-03T18:00:00+00:00,1.363429999999999,1.363839999999999,1.362499999999999,1.363829999999999,10386
2026-02-03T19:00:00+00:00,1.363829999999999,1.364399999999999,1.362879999999999,1.363629999999999,11388
2026-02-03T20:00:00+00:00,1.363629999999999,1.363919999999999,1.361839999999999,1.362269999999999,7665
2026-02-03T21:00:00+00:00,1.362269999999999,1.3628599999999989,1.361759999999999,1.362089999999999,4926
2026-02-03T22:00:00+00:00,1.362089999999999,1.3623999999999987,1.361689999999999,1.362289999999999,837.3831710986459
2026-02-03T23:00:00+00:00,1.362289999999999,1.3627899999999988,1.3619899999999987,1.3625399999999988,1488
2026-02-04T00:00:00+00:00,1.3625399999999988,1.3630799999999987,1.3625099999999988,1.3630499999999988,3079
2026-02-04T01:00:00+00:00,1.3630499999999988,1.3630899999999988,1.361849999999999,1.3622699999999988,4808
2026-02-04T02:00:00+00:00,1.3622699999999988,1.3633599999999988,1.3617299999999988,1.3632199999999988,4448
2026-02-04T03:00:00+00:00,1.3632199999999988,1.3635999999999988,1.3629199999999988,1.362969999999999,3382
2026-02-04T04:00:00+00:00,1.362969999999999,1.3631699999999989,1.3622099999999988,1.3622699999999988,2317
2026-02-04T05:00:00+00:00,1.3622699999999988,1.3624199999999989,1.3618299999999988,1.3619899999999987,2560
2026-02-04T06:00:00+00:00,1.3619899999999987,1.3622299999999987,1.3615599999999988,1.3620999999999988,4450
2026-02-04T07:00:00+00:00,1.3620999999999988,1.3624099999999988,1.3616899999999987,1.3620599999999987,5763
2026-02-04T08:00:00+00:00,1.3620599999999987,1.3627599999999989,1.3613799999999987,1.3620099999999988,8083
2026-02-04T09:00:00+00:00,1.3620099999999988,1.3634599999999988,1.3618099999999989,1.363239999999999,7514
2026-02-04T10:00:00+00:00,1.363239999999999,1.3649299999999989,1.3631099999999987,1.3648199999999988,7364
2026-02-04T11:00:00+00:00,1.3648199999999988,1.3659499999999989,1.364629999999999,1.364969999999999,7488
2026-02-04T12:00:00+00:00,1.364969999999999,1.3651099999999987,1.3632299999999988,1.3638899999999987,6134
2026-02-04T13:00:00+00:00,1.3638899999999987,1.3643799999999988,1.3629199999999988,1.3634399999999989,11376
2026-02-04T14:00:00+00:00,1.3634399999999989,1.3652599999999988,1.3633699999999989,1.3649199999999988,18091
2026-02-04T15:00:00+00:00,1.3649199999999988,1.3665599999999989,1.3639499999999989,1.3657199999999987,22657
2026-02-04T16:00:00+00:00,1.3657199999999987,1.3668599999999989,1.3650899999999988,1.365239999999999,15095
2026-02-04T17:00:00+00:00,1.365239999999999,1.3663799999999988,1.3644199999999989,1.3657699999999988,15652
2026-02-04T18:00:00+00:00,1.3657699999999988,1.3664899999999989,1.3653899999999988,1.3662399999999988,10989
2026-02-04T19:00:00+00:00,1.3662399999999988,1.3669199999999988,1.3649499999999988,1.3652899999999988,10536
2026-02-04T20:00:00+00:00,1.3652899999999988,1.3660099999999988,1.3650599999999988,1.3651599999999988,6513
2026-02-04T21:00:00+00:00,1.3651599999999988,1.365679999999999,1.364289999999999,1.3645999999999987,4124
2026-02-04T22:00:00+00:00,1.3645999999999987,1.365089999999999,1.364019999999999,1.364779999999999,902.5141967227962
2026-02-04T23:00:00+00:00,1.364779999999999,1.365699999999999,1.364749999999999,1.3655799999999991,2092
2026-02-05T00:00:00+00:00,1.3655799999999991,1.3655799999999991,1.364549999999999,1.364829999999999,3191
2026-02-05T01:00:00+00:00,1.364829999999999,1.365359999999999,1.364589999999999,1.365269999999999,5303
2026-02-05T02:00:00+00:00,1.365269999999999,1.367809999999999,1.365169999999999,1.3676499999999991,8541
2026-02-05T03:00:00+00:00,1.3676499999999991,1.367839999999999,1.366789999999999,1.367159999999999,6844
2026-02-05T04:00:00+00:00,1.367159999999999,1.367259999999999,1.366519999999999,1.3667999999999991,3590
2026-02-05T05:00:00+00:00,1.3667999999999991,1.367529999999999,1.366759999999999,1.3669699999999991,4164
2026-02-05T06:00:00+00:00,1.3669699999999991,1.3674499999999992,1.366689999999999,1.366979999999999,4626
2026-02-05T07:00:00+00:00,1.366979999999999,1.3673799999999992,1.3661899999999991,1.367269999999999,5380
2026-02-05T08:00:00+00:00,1.367269999999999,1.367759999999999,1.3662899999999991,1.367189999999999,9477
2026-02-05T09:00:00+00:00,1.367189999999999,1.3685299999999991,1.367119999999999,1.3684699999999992,8329
2026-02-05T10:00:00+00:00,1.3684699999999992,1.3685699999999992,1.3674099999999991,1.367779999999999,6034
2026-02-05T11:00:00+00:00,1.367779999999999,1.3678599999999992,1.366789999999999,1.366919999999999,6275
2026-02-05T12:00:00+00:00,1.366919999999999,1.367779999999999,1.366509999999999,1.366889999999999,13134
2026-02-05T13:00:00+00:00,1.366889999999999,1.3673099999999991,1.3647699999999992,1.3653099999999991,15560
2026-02-05T14:00:00+00:00,1.3653099999999991,1.365669999999999,1.364069999999999,1.364409999999999,20115
2026-02-05T15:00:00+00:00,1.364409999999999,1.367119999999999,1.363739999999999,1.366999999999999,21743
2026-02-05T16:00:00+00:00,1.366999999999999,1.3679199999999991,1.3652799999999992,1.365699999999999,16406
2026-02-05T17:00:00+00:00,1.365699999999999,1.366719999999999,1.365159999999999,1.365929999999999,11799
2026-02-05T18:00:00+00:00,1.365929999999999,1.3667699999999992,1.365489999999999,1.366439999999999,8429
2026-02-05T19:00:00+00:00,1.366439999999999,1.366879999999999,1.366049999999999,1.366709999999999,7589
2026-02-05T20:00:00+00:00,1.366709999999999,1.368179999999999,1.366219999999999,1.368169999999999,8126
2026-02-05T21:00:00+00:00,1.368169999999999,1.369669999999999,1.367899999999999,1.369489999999999,4818
2026-02-05T22:00:00+00:00,1.369489999999999,1.3698299999999988,1.3684599999999987,1.3693799999999987,1593.4627341513471
2026-02-05T23:00:00+00:00,1.3693799999999987,1.3702299999999987,1.3686499999999986,1.3699899999999987,2607
2026-02-06T00:00:00+00:00,1.3699899999999987,1.3712699999999987,1.3693099999999987,1.3693599999999988,5867
2026-02-06T01:00:00+00:00,1.3693599999999988,1.3702299999999987,1.3689499999999988,1.3692299999999986,6361
2026-02-06T02:00:00+00:00,1.3692299999999986,1.3692299999999986,1.3681699999999988,1.3688999999999987,6041
2026-02-06T03:00:00+00:00,1.3688999999999987,1.3693199999999988,1.3684199999999986,1.3689799999999988,4244
2026-02-06T04:00:00+00:00,1.3689799999999988,1.3690299999999986,1.3680899999999987,1.3682999999999987,2850
2026-02-06T05:00:00+00:00,1.3682999999999987,1.3685999999999987,1.3676599999999988,1.3678699999999986,3834
2026-02-06T06:00:00+00:00,1.3678699999999986,1.3680699999999988,1.3671699999999987,1.3675899999999988,4889
2026-02-06T07:00:00+00:00,1.3675899999999988,1.3682899999999987,1.3674199999999987,1.3676699999999986,4895
2026-02-06T08:00:00+00:00,1.3676699999999986,1.3679799999999986,1.3665899999999986,1.3669299999999986,8090
2026-02-06T09:00:00+00:00,1.3669299999999986,1.3674199999999987,1.3665999999999987,1.3671199999999988,6686
2026-02-06T10:00:00+00:00,1.3671199999999988,1.3678899999999987,1.3666099999999988,1.3674999999999986,4724
2026-02-06T11:00:00+00:00,1.3674999999999986,1.3677499999999987,1.3664299999999987,1.3665399999999988,5586
2026-02-06T12:00:00+00:00,1.3665399999999988,1.3671199999999988,1.3658099999999986,1.3658399999999986,5203
2026-02-06T13:00:00+00:00,1.3658399999999986,1.3660099999999986,1.3631399999999987,1.3644799999999988,10093
2026-02-06T14:00:00+00:00,1.3644799999999988,1.3645899999999986,1.3614399999999987,1.3616999999999988,13183
2026-02-06T15:00:00+00:00,1.3616999999999988,1.3632299999999986,1.3612499999999987,1.3623899999999987,15070
2026-02-06T16:00:00+00:00,1.3623899999999987,1.3638099999999986,1.3618399999999986,1.3633799999999987,9702
2026-02-06T17:00:00+00:00,1.3633799999999987,1.3636399999999986,1.3628099999999987,1.3632499999999987,6879
2026-02-06T18:00:00+00:00,1.3632499999999987,1.3639499999999987,1.3627999999999987,1.3638899999999987,4680
2026-02-06T19:00:00+00:00,1.3638899999999987,1.3647799999999988,1.3637399999999986,1.3646199999999986,4454
2026-02-06T20:00:00+00:00,1.3646199999999986,1.3648199999999986,1.3641199999999987,1.3643199999999986,4555
2026-02-06T21:00:00+00:00,1.3643199999999986,1.3662299999999987,1.3633599999999988,1.3657999999999988,5887
2026-02-08T22:00:00+00:00,1.3657999999999988,1.3658999999999988,1.3645799999999988,1.3646399999999987,2754.7014944112143
2026-02-08T23:00:00+00:00,1.3646399999999987,1.366259999999999,1.3644899999999989,1.3647299999999989,3734.603592179606
2026-02-09T00:00:00+00:00,1.3647299999999989,1.3651999999999989,1.363939999999999,1.3645199999999988,4716
2026-02-09T01:00:00+00:00,1.3645199999999988,1.365009999999999,1.3640799999999988,1.364869999999999,4146
2026-02-09T02:00:00+00:00,1.364869999999999,1.365599999999999,1.364549999999999,1.3649599999999988,3316
2026-02-09T03:00:00+00:00,1.3649599999999988,1.365309999999999,1.364609999999999,1.3652299999999988,1655.9276794240295
2026-02-09T04:00:00+00:00,1.3652299999999988,1.365249999999999,1.3645899999999989,1.3646199999999988,2218.9351716236083
2026-02-09T05:00:00+00:00,1.3646199999999988,1.364769999999999,1.3641399999999988,1.3644099999999988,1595
2026-02-09T06:00:00+00:00,1.3644099999999988,1.3646499999999988,1.3630999999999989,1.363279999999999,4137
2026-02-09T07:00:00+00:00,1.363279999999999,1.3637399999999988,1.3629199999999988,1.3631699999999989,6807
2026-02-09T08:00:00+00:00,1.3631699999999989,1.363849999999999,1.3628199999999988,1.3629099999999987,7699
2026-02-09T09:00:00+00:00,1.3629099999999987,1.363379999999999,1.362229999999999,1.363309999999999,6024
2026-02-09T10:00:00+00:00,1.363309999999999,1.3644899999999989,1.3631199999999988,1.3636599999999988,6718
2026-02-09T11:00:00+00:00,1.3636599999999988,1.364119999999999,1.3621099999999988,1.3623399999999988,6555
2026-02-09T12:00:00+00:00,1.3623399999999988,1.3623399999999988,1.3593899999999988,1.3597799999999989,6992
2026-02-09T13:00:00+00:00,1.3597799999999989,1.3602799999999988,1.3591199999999988,1.3592299999999988,11134
2026-02-09T14:00:00+00:00,1.3592299999999988,1.3597399999999988,1.3568199999999988,1.3569999999999989,15051
2026-02-09T15:00:00+00:00,1.3569999999999989,1.3578299999999988,1.356059999999999,1.356129999999999,11980
2026-02-09T16:00:00+00:00,1.356129999999999,1.3567599999999989,1.3556399999999988,1.3560099999999988,8218
2026-02-09T17:00:00+00:00,1.3560099999999988,1.3567099999999988,1.3557799999999989,1.3559499999999989,5495
2026-02-09T18:00:00+00:00,1.3559499999999989,1.356399999999999,1.3547799999999988,1.3553199999999987,6890
2026-02-09T19:00:00+00:00,1.3553199999999987,1.3554999999999988,1.3545099999999988,1.3549499999999988,4576
2026-02-09T20:00:00+00:00,1.3549499999999988,1.3552899999999988,1.3543799999999988,1.3548299999999989,5221
2026-02-09T21:00:00+00:00,1.3548299999999989,1.3548899999999988,1.3541699999999988,1.354569999999999,3526
2026-02-09T22:00:00+00:00,1.354569999999999,1.3548699999999987,1.353589999999999,1.3544799999999988,1938.6424774079774
2026-02-09T23:00:00+00:00,1.3544799999999988,1.3548199999999988,1.3538799999999989,1.3544199999999988,2320
2026-02-10T00:00:00+00:00,1.3544199999999988,1.3551599999999988,1.354339999999999,1.3546899999999988,2813
2026-02-10T01:00:00+00:00,1.3546899999999988,1.355149999999999,1.354019999999999,1.354199999999999,3050
2026-02-10T02:00:00+00:00,1.354199999999999,1.3542099999999988,1.3531999999999988,1.3533399999999989,2739
2026-02-10T03:00:00+00:00,1.3533399999999989,1.353789999999999,1.3531299999999988,1.3535299999999988,2657
2026-02-10T04:00:00+00:00,1.3535299999999988,1.3539399999999988,1.3533399999999989,1.353919999999999,1576
2026-02-10T05:00:00+00:00,1.353919999999999,1.3542099999999988,1.3537099999999989,1.353999999999999,1452
2026-02-10T06:00:00+00:00,1.353999999999999,1.3544899999999989,1.353749999999999,1.3541499999999989,2162
2026-02-10T07:00:00+00:00,1.3541499999999989,1.354969999999999,1.3537699999999988,1.3543499999999988,3045
2026-02-10T08:00:00+00:00,1.3543499999999988,1.3551999999999988,1.3543499999999988,1.354839999999999,5893
2026-02-10T09:00:00+00:00,1.354839999999999,1.354949999999999,1.3540799999999988,1.3547299999999989,4662
2026-02-10T10:00:00+00:00,1.3547299999999989,1.355109999999999,1.354269999999999,1.3544499999999988,3323
2026-02-10T11:00:00+00:00,1.3544499999999988,1.3550599999999988,1.3542099999999988,1.354639999999999,3418
2026-02-10T12:00:00+00:00,1.354639999999999,1.3559699999999988,1.354399999999999,1.355489999999999,5628
2026-02-10T13:00:00+00:00,1.355489999999999,1.3556699999999988,1.353179999999999,1.3532299999999988,9265
2026-02-10T14:00:00+00:00,1.3532299999999988,1.353749999999999,1.3512999999999988,1.351489999999999,12751
2026-02-10T15:00:00+00:00,1.351489999999999,1.352639999999999,1.350739999999999,1.350839999999999,13190
2026-02-10T16:00:00+00:00,1.350839999999999,1.3524899999999989,1.350639999999999,1.351649999999999,10654
2026-02-10T17:00:00+00:00,1.351649999999999,1.352769999999999,1.351579999999999,1.352609999999999,6192
2026-02-10T18:00:00+00:00,1.352609999999999,1.3538399999999988,1.3524899999999989,1.3535399999999989,6198
2026-02-10T19:00:00+00:00,1.3535399999999989,1.353859999999999,1.352609999999999,1.352639999999999,4503
2026-02-10T20:00:00+00:00,1.352639999999999,1.353959999999999,1.352639999999999,1.353889999999999,4240
2026-02-10T21:00:00+00:00,1.353889999999999,1.3541399999999988,1.3529899999999988,1.353309999999999,4590
2026-02-10T22:00:00+00:00,1.353309999999999,1.3538599999999987,1.3514999999999986,1.3519399999999986,1099.0982911342867
2026-02-10T23:00:00+00:00,1.3519399999999986,1.3529699999999987,1.3518899999999985,1.3527799999999985,1942
2026-02-11T00:00:00+00:00,1.3527799999999985,1.3528399999999985,1.3517899999999985,1.3520699999999986,3114
2026-02-11T01:00:00+00:00,1.3520699999999986,1.3521099999999986,1.3513399999999987,1.3513599999999986,3545
2026-02-11T02:00:00+00:00,1.3513599999999986,1.3513599999999986,1.3498099999999986,1.3499499999999987,4485
2026-02-11T03:00:00+00:00,1.3499499999999987,1.3499999999999985,1.3492499999999985,1.3493299999999986,3093
2026-02-11T04:00:00+00:00,1.3493299999999986,1.3500099999999986,1.3490899999999986,1.3499999999999985,2608
2026-02-11T05:00:00+00:00,1.3499999999999985,1.3500599999999985,1.3492499999999985,1.3494999999999986,2932
2026-02-11T06:00:00+00:00,1.3494999999999986,1.3499899999999985,1.3490799999999985,1.3499299999999985,3432
2026-02-11T07:00:00+00:00,1.3499299999999985,1.3505699999999985,1.3494399999999986,1.3495999999999986,3995
2026-02-11T08:00:00+00:00,1.3495999999999986,1.3500699999999985,1.3488499999999986,1.3489199999999986,5240
2026-02-11T09:00:00+00:00,1.3489199999999986,1.3493499999999985,1.3482999999999985,1.3485399999999985,4965
2026-02-11T10:00:00+00:00,1.3485399999999985,1.3487699999999985,1.3478099999999986,1.3482199999999986,4166
2026-02-11T11:00:00+00:00,1.3482199999999986,1.3526399999999985,1.3482199999999986,1.3510299999999986,9065
2026-02-11T12:00:00+00:00,1.3510299999999986,1.3531899999999986,1.3508999999999987,1.3527199999999986,7906
2026-02-11T13:00:00+00:00,1.3527199999999986,1.3581199999999987,1.3526799999999986,1.3557599999999985,28645
2026-02-11T14:00:00+00:00,1.3557599999999985,1.3563299999999985,1.3538799999999986,1.3555799999999987,24051
2026-02-11T15:00:00+00:00,1.3555799999999987,1.3592899999999986,1.3551099999999985,1.3580399999999986,25002
2026-02-11T16:00:00+00:00,1.3580399999999986,1.3587599999999986,1.3543499999999986,1.3544299999999985,13628
2026-02-11T17:00:00+00:00,1.3544299999999985,1.3549999999999986,1.3525699999999985,1.3529399999999985,9879
2026-02-11T18:00:00+00:00,1.3529399999999985,1.3538599999999985,1.3524399999999985,1.3530499999999985,7743
2026-02-11T19:00:00+00:00,1.3530499999999985,1.3542399999999986,1.3530499999999985,1.3539699999999986,5646
2026-02-11T20:00:00+00:00,1.3539699999999986,1.3548099999999985,1.3538599999999985,1.3547299999999987,4367
2026-02-11T21:00:00+00:00,1.3547299999999987,1.3558499999999987,1.3545499999999986,1.3548499999999986,4108
2026-02-11T22:00:00+00:00,1.3548499999999986,1.3548499999999986,1.3539999999999985,1.3541299999999985,780.8897038312934
2026-02-11T23:00:00+00:00,1.3541299999999985,1.3554099999999984,1.3541299999999985,1.3549499999999985,1786
2026-02-12T00:00:00+00:00,1.3549499999999985,1.3558599999999985,1.3545599999999984,1.3548599999999984,3908
2026-02-12T01:00:00+00:00,1.3548599999999984,1.3553299999999984,1.3541999999999985,1.3542599999999985,3282
2026-02-12T02:00:00+00:00,1.3542599999999985,1.3547599999999984,1.3538599999999985,1.3544299999999985,3275
2026-02-12T03:00:00+00:00,1.3544299999999985,1.3550599999999984,1.3539299999999985,1.3546399999999985,2502
2026-02-12T04:00:00+00:00,1.3546399999999985,1.3560199999999984,1.3542199999999984,1.3557799999999984,2646
2026-02-12T05:00:00+00:00,1.3557799999999984,1.3559399999999984,1.3553599999999983,1.3553699999999984,2222
2026-02-12T06:00:00+00:00,1.3553699999999984,1.3570199999999983,1.3551099999999985,1.3564699999999985,4273
2026-02-12T07:00:00+00:00,1.3564699999999985,1.3565599999999984,1.3549299999999984,1.3552299999999984,4511
2026-02-12T08:00:00+00:00,1.3552299999999984,1.3555299999999983,1.3544099999999983,1.3544399999999985,6526
2026-02-12T09:00:00+00:00,1.3544399999999985,1.3547299999999984,1.3536799999999984,1.3537899999999985,5429
2026-02-12T10:00:00+00:00,1.3537899999999985,1.3545599999999984,1.3536799999999984,1.3540399999999984,4909
2026-02-12T11:00:00+00:00,1.3540399999999984,1.3543999999999985,1.3531199999999983,1.3531199999999983,4242
2026-02-12T12:00:00+00:00,1.3531199999999983,1.3554799999999985,1.3529199999999983,1.3547799999999985,5401
2026-02-12T13:00:00+00:00,1.3547799999999985,1.3556299999999983,1.3539699999999983,1.3540699999999983,8099
2026-02-12T14:00:00+00:00,1.3540699999999983,1.3565199999999984,1.3533099999999985,1.3557599999999985,14033
2026-02-12T15:00:00+00:00,1.3557599999999985,1.3580299999999985,1.3554999999999984,1.3571599999999984,13851
2026-02-12T16:00:00+00:00,1.3571599999999984,1.3609599999999984,1.3570699999999984,1.3596999999999984,25108
2026-02-12T17:00:00+00:00,1.3596999999999984,1.3607799999999983,1.3593199999999985,1.3599499999999984,16360
2026-02-12T18:00:00+00:00,1.3599499999999984,1.3608399999999985,1.3593199999999985,1.3594799999999985,12785
2026-02-12T19:00:00+00:00,1.3594799999999985,1.3596499999999985,1.3581599999999985,1.3584799999999984,8266
2026-02-12T20:00:00+00:00,1.3584799999999984,1.3590499999999985,1.3582499999999984,1.3587599999999984,6913
2026-02-12T21:00:00+00:00,1.3587599999999984,1.3588999999999984,1.3579799999999984,1.3582299999999985,2905
2026-02-12T22:00:00+00:00,1.3582299999999985,1.3586899999999988,1.3577599999999987,1.3582199999999989,977.983813736005
2026-02-12T23:00:00+00:00,1.3582199999999989,1.3586599999999989,1.3579999999999988,1.3585699999999987,2108
2026-02-13T00:00:00+00:00,1.3585699999999987,1.3590499999999988,1.3582999999999987,1.3586199999999988,3634
2026-02-13T01:00:00+00:00,1.3586199999999988,1.3591299999999988,1.3582099999999988,1.3588399999999987,4087
2026-02-13T02:00:00+00:00,1.3588399999999987,1.3591499999999987,1.3584799999999988,1.3587099999999988,2616
2026-02-13T03:00:00+00:00,1.3587099999999988,1.3591699999999989,1.3585799999999988,1.3591299999999988,1996
2026-02-13T04:00:00+00:00,1.3591299999999988,1.359679999999999,1.3587499999999988,1.3592699999999989,1758
2026-02-13T05:00:00+00:00,1.3592699999999989,1.3601399999999988,1.3586199999999988,1.3599699999999988,4194
2026-02-13T06:00:00+00:00,1.3599699999999988,1.3606199999999988,1.3595899999999987,1.3603699999999987,3856
2026-02-13T07:00:00+00:00,1.3603699999999987,1.3611899999999988,1.3598099999999989,1.3599999999999988,5161
2026-02-13T08:00:00+00:00,1.3599999999999988,1.3600499999999989,1.3576199999999987,1.3576999999999988,7270
2026-02-13T09:00:00+00:00,1.3576999999999988,1.358019999999999,1.3571699999999989,1.3578999999999988,5303
2026-02-13T10:00:00+00:00,1.3578999999999988,1.359309999999999,1.3578699999999988,1.3591499999999987,4404
2026-02-13T11:00:00+00:00,1.3591499999999987,1.3598999999999988,1.3589499999999988,1.3594699999999988,6818
2026-02-13T12:00:00+00:00,1.3594699999999988,1.3606199999999988,1.3593999999999988,1.359919999999999,5942
2026-02-13T13:00:00+00:00,1.359919999999999,1.3610199999999988,1.3574299999999988,1.3576299999999988,17788
2026-02-13T14:00:00+00:00,1.3576299999999988,1.3601299999999987,1.3574899999999988,1.3596699999999988,22020
2026-02-13T15:00:00+00:00,1.3596699999999988,1.3607899999999988,1.3583899999999989,1.3607299999999989,19998
2026-02-13T16:00:00+00:00,1.3607299999999989,1.3610499999999988,1.3588899999999988,1.3593999999999988,10977
2026-02-13T17:00:00+00:00,1.3593999999999988,1.359449999999999,1.3567899999999988,1.357889999999999,8216
2026-02-13T18:00:00+00:00,1.357889999999999,1.3581099999999988,1.3573199999999987,1.357919999999999,6520
2026-02-13T19:00:00+00:00,1.357919999999999,1.359649999999999,1.3576599999999988,1.3595599999999988,6427
2026-02-13T20:00:00+00:00,1.3595599999999988,1.3600299999999987,1.358939999999999,1.3592599999999988,6521
2026-02-13T21:00:00+00:00,1.3592599999999988,1.3597299999999988,1.3585899999999989,1.358799999999999,3003
2026-02-15T22:00:00+00:00,1.358799999999999,1.3598699999999988,1.357899999999999,1.3590899999999988,3425.983372692733
2026-02-15T23:00:00+00:00,1.3590899999999988,1.3604899999999986,1.3590299999999989,1.3597499999999987,1781.8304618620077
2026-02-16T00:00:00+00:00,1.3597499999999987,1.3599399999999986,1.3591399999999987,1.3594899999999985,2597
2026-02-16T01:00:00+00:00,1.3594899999999985,1.3598699999999986,1.3593499999999987,1.3594699999999986,2201
2026-02-16T02:00:00+00:00,1.3594699999999986,1.3598599999999987,1.3592399999999987,1.3593399999999987,2149
2026-02-16T03:00:00+00:00,1.3593399999999987,1.3595499999999987,1.3590899999999986,1.3592399999999987,1563
2026-02-16T04:00:00+00:00,1.3592399999999987,1.3598299999999985,1.3590399999999987,1.3596799999999987,1619
2026-02-16T05:00:00+00:00,1.3596799999999987,1.3599399999999986,1.3594999999999986,1.3596799999999987,1318
2026-02-16T06:00:00+00:00,1.3596799999999987,1.3597499999999987,1.3587099999999985,1.3591599999999986,2003
2026-02-16T07:00:00+00:00,1.3591599999999986,1.3594599999999986,1.3587299999999987,1.3588499999999986,2734
2026-02-16T08:00:00+00:00,1.3588499999999986,1.3596199999999987,1.3583399999999985,1.3588999999999987,5961
2026-02-16T09:00:00+00:00,1.3588999999999987,1.3599999999999985,1.3584099999999986,1.3598799999999986,4339
2026-02-16T10:00:00+00:00,1.3598799999999986,1.3600499999999986,1.3589699999999987,1.3596299999999986,3958
2026-02-16T11:00:00+00:00,1.3596299999999986,1.3606199999999986,1.3595899999999985,1.3603199999999986,3597
2026-02-16T12:00:00+00:00,1.3603199999999986,1.3609399999999987,1.3598099999999986,1.3608399999999987,3110
2026-02-16T13:00:00+00:00,1.3608399999999987,1.3613299999999986,1.3604399999999985,1.3606799999999986,3976
2026-02-16T14:00:00+00:00,1.3606799999999986,1.3613299999999986,1.3598999999999986,1.3609299999999986,5130
2026-02-16T15:00:00+00:00,1.3609299999999986,1.3614799999999987,1.3606999999999987,1.3608899999999986,5112
2026-02-16T16:00:00+00:00,1.3608899999999986,1.3615099999999987,1.3607299999999987,1.3615099999999987,4421
2026-02-16T17:00:00+00:00,1.3615099999999987,1.3618999999999986,1.3612999999999986,1.3618499999999987,2015
2026-02-16T18:00:00+00:00,1.3618499999999987,1.3618899999999987,1.3614699999999986,1.3616299999999986,1179
2026-02-16T19:00:00+00:00,1.3616299999999986,1.3616499999999987,1.3614499999999987,1.3614799999999987,745.3112353054538
2026-02-16T20:00:00+00:00,1.3614799999999987,1.3616699999999986,1.3613799999999985,1.3614799999999985,811.6663741172631
2026-02-16T21:00:00+00:00,1.3614799999999985,1.3618699999999986,1.3613999999999984,1.3613999999999984,926.3391570236639
2026-02-16T22:00:00+00:00,1.3613999999999984,1.3614099999999985,1.3606799999999986,1.3609399999999985,1065.559393061406
2026-02-16T23:00:00+00:00,1.3609399999999985,1.3618799999999984,1.3608099999999985,1.3616099999999987,802.9741996502137
2026-02-17T00:00:00+00:00,1.3616099999999987,1.3621399999999986,1.3613899999999988,1.3620699999999988,2849
2026-02-17T01:00:00+00:00,1.3620699999999988,1.3623599999999987,1.3618699999999986,1.3622099999999986,3396
2026-02-17T02:00:00+00:00,1.3622099999999986,1.3625099999999988,1.3616599999999988,1.3622299999999987,2950
2026-02-17T03:00:00+00:00,1.3622299999999987,1.3626599999999987,1.3620099999999986,1.3623299999999987,2638
2026-02-17T04:00:00+00:00,1.3623299999999987,1.3624599999999987,1.3616199999999987,1.3617399999999986,2140
2026-02-17T05:00:00+00:00,1.3617399999999986,1.3627299999999987,1.3617199999999987,1.3620299999999987,3658
2026-02-17T06:00:00+00:00,1.3620299999999987,1.3620399999999986,1.3617499999999987,1.3618899999999987,2563
2026-02-17T07:00:00+00:00,1.3618899999999987,1.3632699999999986,1.3618899999999987,1.3627499999999986,4390
2026-02-17T08:00:00+00:00,1.3627499999999986,1.3628699999999987,1.3619499999999987,1.3626199999999986,5639
2026-02-17T09:00:00+00:00,1.3626199999999986,1.3628299999999987,1.3620999999999988,1.3623399999999988,3887
2026-02-17T10:00:00+00:00,1.3623399999999988,1.3627399999999987,1.3617199999999987,1.3622799999999986,4065
2026-02-17T11:00:00+00:00,1.3622799999999986,1.3627799999999988,1.3616399999999986,1.3625399999999988,4587
2026-02-17T12:00:00+00:00,1.3625399999999988,1.3635099999999987,1.3622099999999986,1.3631799999999987,5082
2026-02-17T13:00:00+00:00,1.3631799999999987,1.3651299999999986,1.3627599999999986,1.3650799999999987,11366
2026-02-17T14:00:00+00:00,1.3650799999999987,1.3659099999999986,1.3640699999999988,1.3657299999999988,15542
2026-02-17T15:00:00+00:00,1.3657299999999988,1.3672399999999987,1.3650499999999988,1.3663899999999987,17283
2026-02-17T16:00:00+00:00,1.3663899999999987,1.3663899999999987,1.3629599999999986,1.3632999999999986,12768
2026-02-17T17:00:00+00:00,1.3632999999999986,1.3639699999999986,1.3625599999999987,1.3628199999999986,10245
2026-02-17T18:00:00+00:00,1.3628199999999986,1.3630399999999987,1.3614499999999987,1.3618299999999988,7889
2026-02-17T19:00:00+00:00,1.3618299999999988,1.3623899999999987,1.3615599999999988,1.3618299999999988,5175
2026-02-17T20:00:00+00:00,1.3618299999999988,1.3620499999999987,1.3615299999999986,1.3617999999999988,4164
2026-02-17T21:00:00+00:00,1.3617999999999988,1.3621499999999986,1.3612499999999987,1.3615399999999986,2466
2026-02-17T22:00:00+00:00,1.3615399999999986,1.3615399999999986,1.3611599999999988,1.3613799999999987,904.5952969711537
2026-02-17T23:00:00+00:00,1.3613799999999987,1.3620499999999987,1.3611499999999987,1.3618499999999987,1873
2026-02-18T00:00:00+00:00,1.3618499999999987,1.3622199999999987,1.3617399999999988,1.3620999999999988,2722
2026-02-18T01:00:00+00:00,1.3620999999999988,1.3627699999999987,1.3620399999999988,1.3625399999999988,3493
2026-02-18T02:00:00+00:00,1.3625399999999988,1.3630599999999988,1.3623899999999987,1.3626999999999987,2879
2026-02-18T03:00:00+00:00,1.3626999999999987,1.3631299999999988,1.3623999999999987,1.3631299999999988,2436
2026-02-18T04:00:00+00:00,1.3631299999999988,1.3632899999999988,1.3629699999999987,1.3631899999999988,1356
2026-02-18T05:00:00+00:00,1.3631899999999988,1.3634399999999987,1.3630199999999988,1.3632099999999987,1441
2026-02-18T06:00:00+00:00,1.3632099999999987,1.3635799999999987,1.3628999999999987,1.3630499999999988,2310
2026-02-18T07:00:00+00:00,1.3630499999999988,1.3645299999999987,1.3629399999999987,1.3643599999999987,3897
2026-02-18T08:00:00+00:00,1.3643599999999987,1.3648199999999988,1.3638199999999987,1.3646499999999988,5037
2026-02-18T09:00:00+00:00,1.3646499999999988,1.3647099999999988,1.3631599999999988,1.3635399999999986,4095
2026-02-18T10:00:00+00:00,1.3635399999999986,1.3639299999999988,1.3627699999999987,1.3635599999999988,3646
2026-02-18T11:00:00+00:00,1.3635599999999988,1.3636399999999989,1.3621299999999987,1.3621799999999988,3673
2026-02-18T12:00:00+00:00,1.3621799999999988,1.3628299999999987,1.3616899999999987,1.3628199999999988,5339
2026-02-18T13:00:00+00:00,1.3628199999999988,1.3648399999999987,1.3620099999999988,1.3647999999999987,7864
2026-02-18T14:00:00+00:00,1.3647999999999987,1.3658299999999988,1.3642699999999988,1.3646799999999988,12949
2026-02-18T15:00:00+00:00,1.3646799999999988,1.3653299999999988,1.3640299999999987,1.3645499999999988,11172
2026-02-18T16:00:00+00:00,1.3645499999999988,1.3657899999999987,1.3639099999999988,1.3655899999999987,8270
2026-02-18T17:00:00+00:00,1.3655899999999987,1.3667599999999989,1.3652999999999988,1.3659599999999987,6182
2026-02-18T18:00:00+00:00,1.3659599999999987,1.367729999999999,1.3657299999999988,1.367009999999999,6539
2026-02-18T19:00:00+00:00,1.367009999999999,1.368039999999999,1.366779999999999,1.367769999999999,8939
2026-02-18T20:00:00+00:00,1.367769999999999,1.367889999999999,1.3671699999999989,1.367829999999999,5368
2026-02-18T21:00:00+00:00,1.367829999999999,1.367999999999999,1.3674699999999989,1.367489999999999,2938
2026-02-18T22:00:00+00:00,1.367489999999999,1.367489999999999,1.3668299999999989,1.367239999999999,1063.5664656593751
2026-02-18T23:00:00+00:00,1.367239999999999,1.3677499999999987,1.367219999999999,1.3676599999999988,665.8152676176262
2026-02-19T00:00:00+00:00,1.3676599999999988,1.3680999999999988,1.3674199999999987,1.3678399999999986,2272
2026-02-19T01:00:00+00:00,1.3678399999999986,1.3678699999999986,1.3668899999999986,1.3669299999999986,2566
2026-02-19T02:00:00+00:00,1.3669299999999986,1.3672199999999988,1.3666499999999986,1.3670299999999986,1902
2026-02-19T03:00:00+00:00,1.3670299999999986,1.3678199999999987,1.3667999999999987,1.3677199999999987,1995
2026-02-19T04:00:00+00:00,1.3677199999999987,1.3683899999999987,1.3676399999999986,1.3682699999999988,1993
2026-02-19T05:00:00+00:00,1.3682699999999988,1.3684399999999988,1.3681499999999986,1.3681799999999986,1603
2026-02-19T06:00:00+00:00,1.3681799999999986,1.3682299999999987,1.3665199999999986,1.3667599999999986,2526
2026-02-19T07:00:00+00:00,1.3667599999999986,1.3670299999999986,1.3657399999999986,1.3660899999999987,3115
2026-02-19T08:00:00+00:00,1.3660899999999987,1.3666099999999988,1.3655799999999987,1.3655999999999986,5371
2026-02-19T09:00:00+00:00,1.3655999999999986,1.3658399999999986,1.3651399999999987,1.3653599999999986,5723
2026-02-19T10:00:00+00:00,1.3653599999999986,1.3670999999999986,1.3647299999999987,1.3661199999999987,8072
2026-02-19T11:00:00+00:00,1.3661199999999987,1.3672899999999986,1.3659299999999988,1.3671599999999986,4181
2026-02-19T12:00:00+00:00,1.3671599999999986,1.3676499999999987,1.3662899999999987,1.3673499999999987,5124
2026-02-19T13:00:00+00:00,1.3673499999999987,1.3686599999999987,1.3664299999999987,1.3664499999999986,9123
2026-02-19T14:00:00+00:00,1.3664499999999986,1.3693699999999986,1.3663899999999987,1.3684999999999987,14530
2026-02-19T15:00:00+00:00,1.3684999999999987,1.3689199999999986,1.3654499999999987,1.3662099999999986,17097
2026-02-19T16:00:00+00:00,1.3662099999999986,1.3682599999999987,1.3658299999999985,1.3680499999999987,11902
2026-02-19T17:00:00+00:00,1.3680499999999987,1.3680999999999985,1.3669399999999987,1.3674699999999986,7936
2026-02-19T18:00:00+00:00,1.3674699999999986,1.3677699999999986,1.3667899999999986,1.3671699999999984,6680
2026-02-19T19:00:00+00:00,1.3671699999999984,1.3686099999999985,1.3669299999999984,1.3680399999999986,6028
2026-02-19T20:00:00+00:00,1.3680399999999986,1.3680599999999985,1.3671999999999986,1.3673899999999986,4305
2026-02-19T21:00:00+00:00,1.3673899999999986,1.3674499999999985,1.3657499999999985,1.3657799999999984,2961
2026-02-19T22:00:00+00:00,1.3657799999999984,1.3660999999999985,1.3655899999999985,1.3657399999999986,984.3465068408466
2026-02-19T23:00:00+00:00,1.3657399999999986,1.3667299999999987,1.3655399999999986,1.3667199999999986,2067.755475577451
2026-02-20T00:00:00+00:00,1.3667199999999986,1.3670399999999987,1.3664099999999986,1.3665699999999985,2351
2026-02-20T01:00:00+00:00,1.3665699999999985,1.3681099999999986,1.3664699999999985,1.3676199999999985,4142
2026-02-20T02:00:00+00:00,1.3676199999999985,1.3681599999999987,1.3673899999999986,1.3678199999999987,3202
2026-02-20T03:00:00+00:00,1.3678199999999987,1.3678199999999987,1.3668399999999985,1.3671199999999986,2152
2026-02-20T04:00:00+00:00,1.3671199999999986,1.3673499999999985,1.3666499999999986,1.3672599999999986,1589
2026-02-20T05:00:00+00:00,1.3672599999999986,1.3672899999999986,1.3662999999999985,1.3664699999999985,2197
2026-02-20T06:00:00+00:00,1.3664699999999985,1.3668599999999986,1.3663599999999987,1.3664999999999985,2582
2026-02-20T07:00:00+00:00,1.3664999999999985,1.3677299999999986,1.3659699999999986,1.3676699999999986,4729
2026-02-20T08:00:00+00:00,1.3676699999999986,1.3681499999999986,1.3666599999999987,1.3670399999999987,6549
2026-02-20T09:00:00+00:00,1.3670399999999987,1.3670999999999986,1.3661099999999986,1.3668199999999986,5614
2026-02-20T10:00:00+00:00,1.3668199999999986,1.3673399999999987,1.3662899999999987,1.3667299999999987,4450
2026-02-20T11:00:00+00:00,1.3667299999999987,1.3670699999999987,1.3660199999999987,1.3664499999999986,4648
2026-02-20T12:00:00+00:00,1.3664499999999986,1.3673099999999987,1.3660899999999987,1.3670299999999986,5787
2026-02-20T13:00:00+00:00,1.3670299999999986,1.3677199999999985,1.3659599999999985,1.3667899999999986,11070
2026-02-20T14:00:00+00:00,1.3667899999999986,1.3684399999999985,1.3665499999999986,1.3678699999999986,11644
2026-02-20T15:00:00+00:00,1.3678699999999986,1.3689599999999986,1.3648399999999985,1.3654999999999986,44377
2026-02-20T16:00:00+00:00,1.3654999999999986,1.3678299999999985,1.3652499999999985,1.3667999999999987,17777
2026-02-20T17:00:00+00:00,1.3667999999999987,1.3683099999999986,1.3661499999999986,1.3665099999999986,12925
2026-02-20T18:00:00+00:00,1.3665099999999986,1.3672099999999987,1.3649799999999985,1.3657199999999985,15683
2026-02-20T19:00:00+00:00,1.3657199999999985,1.3670799999999985,1.3655399999999986,1.3666799999999986,7675
2026-02-20T20:00:00+00:00,1.3666799999999986,1.3669399999999985,1.3659799999999986,1.3662399999999986,5390
2026-02-20T21:00:00+00:00,1.3662399999999986,1.3663799999999986,1.3647899999999986,1.3651999999999986,5327
2026-02-22T22:00:00+00:00,1.3651999999999986,1.3651999999999986,1.3638399999999984,1.3650499999999983,890.3209454002324
2026-02-22T23:00:00+00:00,1.3650499999999983,1.3656099999999984,1.3625799999999983,1.3626799999999983,4270
2026-02-23T00:00:00+00:00,1.3626799999999983,1.3638699999999984,1.3626799999999983,1.3634499999999985,5999
2026-02-23T01:00:00+00:00,1.3634499999999985,1.3643099999999984,1.3633699999999984,1.3641599999999985,6719
2026-02-23T02:00:00+00:00,1.3641599999999985,1.3645299999999985,1.3637599999999983,1.3642199999999984,3416
2026-02-23T03:00:00+00:00,1.3642199999999984,1.3651099999999985,1.3641799999999984,1.3647199999999984,2301
2026-02-23T04:00:00+00:00,1.3647199999999984,1.3649799999999983,1.3646199999999984,1.3647899999999984,2225
2026-02-23T05:00:00+00:00,1.3647899999999984,1.3651899999999983,1.3645399999999983,1.3646599999999984,1977
2026-02-23T06:00:00+00:00,1.3646599999999984,1.3648999999999984,1.3639499999999984,1.3643899999999984,2533
2026-02-23T07:00:00+00:00,1.3643899999999984,1.3650999999999984,1.3643199999999984,1.3646099999999983,4241
2026-02-23T08:00:00+00:00,1.3646099999999983,1.3650299999999984,1.3639499999999984,1.3641299999999985,7561
2026-02-23T09:00:00+00:00,1.3641299999999985,1.3648999999999984,1.3639599999999985,1.3647899999999984,5396
2026-02-23T10:00:00+00:00,1.3647899999999984,1.3654899999999983,1.3647899999999984,1.3652299999999984,4991
2026-02-23T11:00:00+00:00,1.3652299999999984,1.3665199999999984,1.3651099999999985,1.3663399999999983,5083
2026-02-23T12:00:00+00:00,1.3663399999999983,1.3677799999999984,1.3663399999999983,1.3668799999999983,6359
2026-02-23T13:00:00+00:00,1.3668799999999983,1.3675799999999985,1.3655799999999985,1.3655999999999984,9076
2026-02-23T14:00:00+00:00,1.3655999999999984,1.3660499999999984,1.3645199999999984,1.3653099999999985,13321
2026-02-23T15:00:00+00:00,1.3653099999999985,1.3667099999999983,1.3648499999999983,1.3665099999999983,13483
2026-02-23T16:00:00+00:00,1.3665099999999983,1.3671999999999984,1.3657599999999983,1.3663399999999983,13560
2026-02-23T17:00:00+00:00,1.3663399999999983,1.3674199999999985,1.3659799999999984,1.3667599999999984,9402
2026-02-23T18:00:00+00:00,1.3667599999999984,1.3673299999999984,1.3664899999999984,1.3669499999999983,6158
2026-02-23T19:00:00+00:00,1.3669499999999983,1.3676599999999983,1.3666799999999983,1.3673799999999985,5018
2026-02-23T20:00:00+00:00,1.3673799999999985,1.3679499999999984,1.3672399999999985,1.3679399999999984,4400
2026-02-23T21:00:00+00:00,1.3679399999999984,1.3681899999999985,1.3672399999999985,1.3674099999999985,3019
2026-02-23T22:00:00+00:00,1.3674099999999985,1.3674099999999985,1.3665999999999985,1.3666899999999984,1079.1589263230694
2026-02-23T23:00:00+00:00,1.3666899999999984,1.3674699999999984,1.3666899999999984,1.3671599999999984,1568.2846260387812
2026-02-24T00:00:00+00:00,1.3671599999999984,1.3678299999999983,1.3668999999999984,1.3677099999999984,2462
2026-02-24T01:00:00+00:00,1.3677099999999984,1.3694899999999983,1.3677099999999984,1.3683699999999983,5865
2026-02-24T02:00:00+00:00,1.3683699999999983,1.3685199999999984,1.3676699999999984,1.3677499999999985,3265
2026-02-24T03:00:00+00:00,1.3677499999999985,1.3683199999999984,1.3673499999999985,1.3682899999999985,2557
2026-02-24T04:00:00+00:00,1.3682899999999985,1.3687399999999985,1.3681299999999985,1.3684699999999985,1738
2026-02-24T05:00:00+00:00,1.3684699999999985,1.3685899999999984,1.3675499999999985,1.3676299999999983,2125
2026-02-24T06:00:00+00:00,1.3676299999999983,1.3679199999999985,1.3673699999999984,1.3675499999999985,2618
2026-02-24T07:00:00+00:00,1.3675499999999985,1.3685499999999984,1.3675499999999985,1.3681499999999984,6584
2026-02-24T08:00:00+00:00,1.3681499999999984,1.3685599999999984,1.3674499999999985,1.3681699999999983,6536
2026-02-24T09:00:00+00:00,1.3681699999999983,1.3681799999999984,1.3673499999999985,1.3675599999999983,4313
2026-02-24T10:00:00+00:00,1.3675599999999983,1.3681699999999983,1.3673499999999985,1.3681199999999984,3765
2026-02-24T11:00:00+00:00,1.3681199999999984,1.3690799999999985,1.3680199999999985,1.3689099999999985,3835
2026-02-24T12:00:00+00:00,1.3689099999999985,1.3694999999999984,1.3685799999999984,1.3690399999999985,5251
2026-02-24T13:00:00+00:00,1.3690399999999985,1.3694299999999984,1.3682999999999985,1.3691499999999983,7232
2026-02-24T14:00:00+00:00,1.3691499999999983,1.3702399999999983,1.3689599999999984,1.3694199999999983,10293
2026-02-24T15:00:00+00:00,1.3694199999999983,1.3699299999999983,1.3687499999999984,1.3692699999999984,12499
2026-02-24T16:00:00+00:00,1.3692699999999984,1.3694499999999985,1.3678199999999985,1.3681199999999984,8880
2026-02-24T17:00:00+00:00,1.3681199999999984,1.3686299999999985,1.3678099999999984,1.3682699999999983,4758
2026-02-24T18:00:00+00:00,1.3682699999999983,1.3683399999999983,1.3678399999999984,1.368169999999998,4550.283074996086
2026-02-24T19:00:00+00:00,1.368169999999998,1.3684499999999982,1.3674999999999982,1.3681399999999981,4099
2026-02-24T20:00:00+00:00,1.3681399999999981,1.3683099999999981,1.3672099999999983,1.3680699999999981,4236
2026-02-24T21:00:00+00:00,1.3680699999999981,1.3683899999999982,1.367519999999998,1.3675799999999982,2600
2026-02-24T22:00:00+00:00,1.3675799999999982,1.367959999999998,1.366929999999998,1.3671399999999978,1551.770376138874
2026-02-24T23:00:00+00:00,1.3671399999999978,1.3681699999999979,1.3671399999999978,1.368149999999998,1929.0571936056838
2026-02-25T00:00:00+00:00,1.368149999999998,1.368449999999998,1.367399999999998,1.367509999999998,6922
2026-02-25T01:00:00+00:00,1.367509999999998,1.367819999999998,1.367139999999998,1.367779999999998,6894
2026-02-25T02:00:00+00:00,1.367779999999998,1.367809999999998,1.366279999999998,1.366279999999998,8680
2026-02-25T03:00:00+00:00,1.366279999999998,1.367069999999998,1.3659299999999979,1.366699999999998,10205
2026-02-25T04:00:00+00:00,1.366699999999998,1.366929999999998,1.366289999999998,1.3663699999999979,5373
2026-02-25T05:00:00+00:00,1.3663699999999979,1.366419999999998,1.365439999999998,1.365579999999998,5376
2026-02-25T06:00:00+00:00,1.365579999999998,1.366109999999998,1.3653899999999979,1.365419999999998,6682
2026-02-25T07:00:00+00:00,1.365419999999998,1.366219999999998,1.365279999999998,1.366219999999998,7047
2026-02-25T08:00:00+00:00,1.366219999999998,1.366999999999998,1.3658299999999979,1.366929999999998,7597
2026-02-25T09:00:00+00:00,1.366929999999998,1.367579999999998,1.366799999999998,1.367059999999998,8216
2026-02-25T10:00:00+00:00,1.367059999999998,1.367699999999998,1.366719999999998,1.367529999999998,6570
2026-02-25T11:00:00+00:00,1.367529999999998,1.368519999999998,1.367529999999998,1.368149999999998,5605
2026-02-25T12:00:00+00:00,1.368149999999998,1.3681699999999979,1.366759999999998,1.3668699999999978,6176
2026-02-25T13:00:00+00:00,1.3668699999999978,1.368019999999998,1.3662999999999978,1.367899999999998,10403
2026-02-25T14:00:00+00:00,1.367899999999998,1.368329999999998,1.366929999999998,1.367699999999998,12244
2026-02-25T15:00:00+00:00,1.367699999999998,1.367699999999998,1.3657599999999979,1.365959999999998,13745
2026-02-25T16:00:00+00:00,1.365959999999998,1.3666199999999982,1.3652899999999981,1.366429999999998,10374
2026-02-25T17:00:00+00:00,1.366429999999998,1.366499999999998,1.365509999999998,1.366229999999998,8823
2026-02-25T18:00:00+00:00,1.366229999999998,1.366419999999998,1.365299999999998,1.365949999999998,5973
2026-02-25T19:00:00+00:00,1.365949999999998,1.366199999999998,1.365389999999998,1.365619999999998,4979
2026-02-25T20:00:00+00:00,1.365619999999998,1.3663399999999981,1.365489999999998,1.365779999999998,5500
2026-02-25T21:00:00+00:00,1.365779999999998,1.366099999999998,1.3651199999999981,1.365129999999998,3431
2026-02-25T22:00:00+00:00,1.365129999999998,1.365269999999998,1.364459999999998,1.3651799999999978,1595.111418428968
2026-02-25T23:00:00+00:00,1.3651799999999978,1.3654099999999978,1.3650499999999979,1.3653299999999977,2288.206131224858
2026-02-26T00:00:00+00:00,1.3653299999999977,1.3654199999999979,1.3647599999999978,1.3649299999999978,4393
2026-02-26T01:00:00+00:00,1.3649299999999978,1.3649799999999979,1.3638599999999979,1.3639499999999978,8678
2026-02-26T02:00:00+00:00,1.3639499999999978,1.3649999999999978,1.3636199999999978,1.3647599999999978,6849
2026-02-26T03:00:00+00:00,1.3647599999999978,1.3650799999999979,1.3644599999999978,1.3649999999999978,3798
2026-02-26T04:00:00+00:00,1.3649999999999978,1.3652699999999978,1.364679999999998,1.3647499999999977,4738
2026-02-26T05:00:00+00:00,1.3647499999999977,1.3649199999999977,1.3641099999999977,1.3642699999999979,6448
2026-02-26T06:00:00+00:00,1.3642699999999979,1.3646999999999978,1.3636499999999978,1.3640099999999977,7248
2026-02-26T07:00:00+00:00,1.3640099999999977,1.3649799999999979,1.3637199999999978,1.3638199999999978,8224
2026-02-26T08:00:00+00:00,1.3638199999999978,1.3655999999999977,1.3637599999999976,1.3653699999999978,9781
2026-02-26T09:00:00+00:00,1.3653699999999978,1.3655999999999977,1.3649999999999978,1.3654899999999977,7233
2026-02-26T10:00:00+00:00,1.3654899999999977,1.3660799999999977,1.3652799999999978,1.3657699999999977,4853
2026-02-26T11:00:00+00:00,1.3657699999999977,1.3663799999999977,1.3652099999999978,1.3662499999999977,5087
2026-02-26T12:00:00+00:00,1.3662499999999977,1.3665699999999976,1.3654099999999978,1.3654999999999977,6518
2026-02-26T13:00:00+00:00,1.3654999999999977,1.3668599999999977,1.3649499999999979,1.3664699999999979,9409
2026-02-26T14:00:00+00:00,1.3664699999999979,1.3671099999999978,1.3660199999999978,1.3665299999999978,14297
2026-02-26T15:00:00+00:00,1.3665299999999978,1.3689599999999977,1.3660499999999978,1.3661799999999977,22960
2026-02-26T16:00:00+00:00,1.3661799999999977,1.3667399999999978,1.3656499999999978,1.3661799999999977,10631
2026-02-26T17:00:00+00:00,1.3661799999999977,1.3678399999999977,1.3659299999999979,1.3676499999999978,10064
2026-02-26T18:00:00+00:00,1.3676499999999978,1.3680099999999977,1.3662599999999978,1.3665799999999977,9583
2026-02-26T19:00:00+00:00,1.3665799999999977,1.3667499999999977,1.3657999999999977,1.3659399999999977,5284
2026-02-26T20:00:00+00:00,1.3659399999999977,1.3663299999999976,1.3655299999999977,1.3657699999999977,3901
2026-02-26T21:00:00+00:00,1.3657699999999977,1.3662599999999976,1.3656299999999977,1.3657999999999977,2870
2026-02-26T22:00:00+00:00,1.3657999999999977,1.3660099999999977,1.3643399999999979,1.3654699999999977,1157.249335643503
2026-02-26T23:00:00+00:00,1.3654699999999977,1.3659499999999978,1.3653799999999978,1.3654399999999978,1602
2026-02-27T00:00:00+00:00,1.3654399999999978,1.3659099999999977,1.3651199999999977,1.3657099999999978,5215
2026-02-27T01:00:00+00:00,1.3657099999999978,1.3659099999999977,1.3652199999999977,1.3656899999999976,7673
2026-02-27T02:00:00+00:00,1.3656899999999976,1.3656899999999976,1.3649399999999976,1.3649899999999977,4496
2026-02-27T03:00:00+00:00,1.3649899999999977,1.3650699999999978,1.3646499999999977,1.3648199999999977,2937
2026-02-27T04:00:00+00:00,1.3648199999999977,1.3649099999999976,1.3641699999999977,1.3643399999999977,3397
2026-02-27T05:00:00+00:00,1.3643399999999977,1.3646199999999977,1.3640499999999978,1.3641399999999977,3990
2026-02-27T06:00:00+00:00,1.3641399999999977,1.3647699999999978,1.3639599999999978,1.3646299999999978,4882
2026-02-27T07:00:00+00:00,1.3646299999999978,1.3652699999999975,1.3644999999999978,1.3648999999999976,5533
2026-02-27T08:00:00+00:00,1.3648999999999976,1.3652299999999977,1.3643299999999976,1.3649899999999977,6257
2026-02-27T09:00:00+00:00,1.3649899999999977,1.3655699999999977,1.3644999999999976,1.3647199999999977,5904
2026-02-27T10:00:00+00:00,1.3647199999999977,1.3655499999999976,1.3645199999999977,1.3651599999999977,6405
2026-02-27T11:00:00+00:00,1.3651599999999977,1.3655799999999976,1.3647699999999976,1.3650599999999977,4482
2026-02-27T12:00:00+00:00,1.3650599999999977,1.3652899999999977,1.3642199999999975,1.3650799999999976,5868
2026-02-27T13:00:00+00:00,1.3650799999999976,1.3662599999999976,1.3640199999999976,1.3652499999999976,14370
2026-02-27T14:00:00+00:00,1.3652499999999976,1.3653299999999977,1.3628999999999976,1.3640199999999976,17926
2026-02-27T15:00:00+00:00,1.3640199999999976,1.3644399999999977,1.3605299999999976,1.3615999999999977,20176
2026-02-27T16:00:00+00:00,1.3615999999999977,1.3619199999999976,1.3606699999999976,1.3611799999999976,13288
2026-02-27T17:00:00+00:00,1.3611799999999976,1.3613299999999977,1.3602999999999976,1.3608199999999977,11220
2026-02-27T18:00:00+00:00,1.3608199999999977,1.3611799999999976,1.3603599999999976,1.3607699999999976,7589
2026-02-27T19:00:00+00:00,1.3607699999999976,1.3613199999999976,1.3604999999999976,1.3610399999999976,6082
2026-02-27T20:00:00+00:00,1.3610399999999976,1.3618499999999976,1.3608199999999977,1.3618099999999975,5519
2026-02-27T21:00:00+00:00,1.3618099999999975,1.3630199999999977,1.3615599999999977,1.3615599999999977,3673
2026-03-01T22:00:00+00:00,1.3615599999999977,1.3618299999999979,1.359329999999998,1.360249999999998,3500.523281282569
2026-03-01T23:00:00+00:00,1.360249999999998,1.363569999999998,1.360249999999998,1.363159999999998,9980
2026-03-02T00:00:00+00:00,1.363159999999998,1.363629999999998,1.361549999999998,1.361589999999998,13008
2026-03-02T01:00:00+00:00,1.361589999999998,1.361789999999998,1.360469999999998,1.3608799999999979,19017
2026-03-02T02:00:00+00:00,1.3608799999999979,1.361859999999998,1.360749999999998,1.360999999999998,9962
2026-03-02T03:00:00+00:00,1.360999999999998,1.3611199999999979,1.360309999999998,1.360789999999998,7496
2026-03-02T04:00:00+00:00,1.360789999999998,1.361479999999998,1.360739999999998,1.361189999999998,7961
2026-03-02T05:00:00+00:00,1.361189999999998,1.3621699999999979,1.361189999999998,1.362139999999998,6757
2026-03-02T06:00:00+00:00,1.362139999999998,1.362589999999998,1.361569999999998,1.362279999999998,13571
2026-03-02T07:00:00+00:00,1.362279999999998,1.362989999999998,1.361949999999998,1.362019999999998,15572
2026-03-02T08:00:00+00:00,1.362019999999998,1.364939999999998,1.361769999999998,1.363009999999998,16115
2026-03-02T09:00:00+00:00,1.363009999999998,1.363199999999998,1.360449999999998,1.361519999999998,12510
2026-03-02T10:00:00+00:00,1.361519999999998,1.361609999999998,1.3603399999999979,1.361349999999998,9466
2026-03-02T11:00:00+00:00,1.361349999999998,1.362359999999998,1.361269999999998,1.362049999999998,8261
2026-03-02T12:00:00+00:00,1.362049999999998,1.363039999999998,1.361289999999998,1.362819999999998,12270
2026-03-02T13:00:00+00:00,1.362819999999998,1.364789999999998,1.3623399999999979,1.364649999999998,17523
2026-03-02T14:00:00+00:00,1.364649999999998,1.365109999999998,1.3627799999999979,1.363739999999998,24184
2026-03-02T15:00:00+00:00,1.363739999999998,1.366679999999998,1.363469999999998,1.366339999999998,23710
2026-03-02T16:00:00+00:00,1.366339999999998,1.368149999999998,1.366329999999998,1.366999999999998,17825
2026-03-02T17:00:00+00:00,1.366999999999998,1.367819999999998,1.366059999999998,1.366489999999998,12058
2026-03-02T18:00:00+00:00,1.366489999999998,1.367429999999998,1.365599999999998,1.365969999999998,8853
2026-03-02T19:00:00+00:00,1.365969999999998,1.366029999999998,1.362289999999998,1.362469999999998,9754
2026-03-02T20:00:00+00:00,1.362469999999998,1.365189999999998,1.362379999999998,1.363639999999998,19839
2026-03-02T21:00:00+00:00,1.363639999999998,1.364379999999998,1.362859999999998,1.363549999999998,4540
2026-03-02T22:00:00+00:00,1.363549999999998,1.3640699999999981,1.363349999999998,1.3640399999999981,2672.4683080137133
2026-03-02T23:00:00+00:00,1.3640399999999981,1.364369999999998,1.363639999999998,1.363859999999998,2044
2026-03-03T00:00:00+00:00,1.363859999999998,1.364279999999998,1.363509999999998,1.363609999999998,7343
2026-03-03T01:00:00+00:00,1.363609999999998,1.363819999999998,1.3627499999999981,1.363559999999998,12706
2026-03-03T02:00:00+00:00,1.363559999999998,1.364339999999998,1.362689999999998,1.363049999999998,12971
2026-03-03T03:00:00+00:00,1.363049999999998,1.3636999999999981,1.362879999999998,1.363409999999998,8552
2026-03-03T04:00:00+00:00,1.363409999999998,1.363999999999998,1.363069999999998,1.363839999999998,8888
2026-03-03T05:00:00+00:00,1.363839999999998,1.3646499999999981,1.363029999999998,1.364249999999998,11037
2026-03-03T06:00:00+00:00,1.364249999999998,1.364979999999998,1.363729999999998,1.363859999999998,11727
2026-03-03T07:00:00+00:00,1.363859999999998,1.364759999999998,1.363349999999998,1.364539999999998,14831
2026-03-03T08:00:00+00:00,1.364539999999998,1.366609999999998,1.364369999999998,1.366159999999998,18490
2026-03-03T09:00:00+00:00,1.366159999999998,1.367709999999998,1.365339999999998,1.3666499999999981,19324
2026-03-03T10:00:00+00:00,1.3666499999999981,1.367809999999998,1.365949999999998,1.367739999999998,16735
2026-03-03T11:00:00+00:00,1.367739999999998,1.368829999999998,1.366939999999998,1.366939999999998,18484
2026-03-03T12:00:00+00:00,1.366939999999998,1.367139999999998,1.364889999999998,1.365249999999998,19307
2026-03-03T13:00:00+00:00,1.365249999999998,1.367619999999998,1.364959999999998,1.367449999999998,20361
2026-03-03T14:00:00+00:00,1.367449999999998,1.370229999999998,1.366299999999998,1.369949999999998,33862
2026-03-03T15:00:00+00:00,1.369949999999998,1.371939999999998,1.366299999999998,1.367009999999998,49317
2026-03-03T16:00:00+00:00,1.367009999999998,1.367219999999998,1.362519999999998,1.363059999999998,43300
2026-03-03T17:00:00+00:00,1.363059999999998,1.3645799999999981,1.363049999999998,1.364289999999998,29475
2026-03-03T18:00:00+00:00,1.364289999999998,1.364319999999998,1.3619699999999981,1.363519999999998,18694
2026-03-03T19:00:00+00:00,1.363519999999998,1.364159999999998,1.362349999999998,1.363679999999998,24779
2026-03-03T20:00:00+00:00,1.363679999999998,1.363809999999998,1.362589999999998,1.363639999999998,14058
2026-03-03T21:00:00+00:00,1.363639999999998,1.365219999999998,1.363369999999998,1.364539999999998,6206
2026-03-03T22:00:00+00:00,1.364539999999998,1.3645399999999983,1.363479999999998,1.3639499999999982,931.1282164816367
2026-03-03T23:00:00+00:00,1.3639499999999982,1.3647899999999982,1.3637799999999982,1.3641099999999982,3389
2026-03-04T00:00:00+00:00,1.3641099999999982,1.3650299999999982,1.3637399999999982,1.3649299999999982,12224
2026-03-04T01:00:00+00:00,1.3649299999999982,1.3665899999999982,1.3645999999999983,1.3655299999999981,18218
2026-03-04T02:00:00+00:00,1.3655299999999981,1.3656799999999982,1.3645699999999983,1.3652599999999981,13975
2026-03-04T03:00:00+00:00,1.3652599999999981,1.3659099999999982,1.3646199999999982,1.3646599999999982,12668
2026-03-04T04:00:00+00:00,1.3646599999999982,1.3660999999999983,1.3643299999999983,1.3657699999999982,10034
2026-03-04T05:00:00+00:00,1.3657699999999982,1.3660799999999982,1.3651999999999982,1.3655099999999982,13265
2026-03-04T06:00:00+00:00,1.3655099999999982,1.3661199999999982,1.3637099999999982,1.3640099999999982,13456
2026-03-04T07:00:00+00:00,1.3640099999999982,1.3642699999999983,1.3614099999999982,1.3625499999999982,12716
2026-03-04T08:00:00+00:00,1.3625499999999982,1.3645999999999983,1.3623099999999981,1.3644499999999982,16721
2026-03-04T09:00:00+00:00,1.3644499999999982,1.3647499999999981,1.3633199999999983,1.3641699999999983,15092
2026-03-04T10:00:00+00:00,1.3641699999999983,1.3642999999999983,1.3613099999999982,1.3635799999999982,24018
2026-03-04T11:00:00+00:00,1.3635799999999982,1.3638799999999982,1.3624499999999982,1.3630599999999982,11546
2026-03-04T12:00:00+00:00,1.3630599999999982,1.3641699999999983,1.3609999999999982,1.3639699999999981,14358
2026-03-04T13:00:00+00:00,1.3639699999999981,1.3644999999999983,1.3619299999999983,1.3637399999999982,19101
2026-03-04T14:00:00+00:00,1.3637399999999982,1.3656499999999983,1.3636299999999981,1.3647199999999982,26181
2026-03-04T15:00:00+00:00,1.3647199999999982,1.3649199999999981,1.3621399999999981,1.3625399999999983,22040
2026-03-04T16:00:00+00:00,1.3625399999999983,1.3638799999999982,1.3617199999999983,1.3628599999999982,13558
2026-03-04T17:00:00+00:00,1.3628599999999982,1.3638999999999981,1.3624499999999982,1.3629799999999983,9874
2026-03-04T18:00:00+00:00,1.3629799999999983,1.3639099999999982,1.3629299999999982,1.3634499999999983,7855
2026-03-04T19:00:00+00:00,1.3634499999999983,1.3634599999999981,1.3600599999999983,1.3600899999999982,8010
2026-03-04T20:00:00+00:00,1.3600899999999982,1.3610199999999981,1.3592999999999982,1.3609499999999983,9006
2026-03-04T21:00:00+00:00,1.3609499999999983,1.361119999999998,1.3596199999999983,1.3608799999999983,4370
2026-03-04T22:00:00+00:00,1.3608799999999983,1.3612399999999985,1.3598899999999985,1.3605499999999984,1374.1999546298664
2026-03-04T23:00:00+00:00,1.3605499999999984,1.3611399999999985,1.3601499999999984,1.3610199999999986,2108.1508042895443
2026-03-05T00:00:00+00:00,1.3610199999999986,1.3612999999999984,1.3599499999999984,1.3600999999999985,5702
2026-03-05T01:00:00+00:00,1.3600999999999985,1.3612399999999985,1.3596499999999985,1.3611199999999986,13209
2026-03-05T02:00:00+00:00,1.3611199999999986,1.3614099999999985,1.3605999999999985,1.3610099999999985,7962
2026-03-05T03:00:00+00:00,1.3610099999999985,1.3622399999999986,1.3607199999999986,1.3619499999999984,8353
2026-03-05T04:00:00+00:00,1.3619499999999984,1.3623199999999984,1.3612399999999985,1.3615999999999986,6863
2026-03-05T05:00:00+00:00,1.3615999999999986,1.3629999999999984,1.3614199999999985,1.3629599999999986,8071
2026-03-05T06:00:00+00:00,1.3629599999999986,1.3633699999999984,1.3619099999999984,1.3620499999999984,12759
2026-03-05T07:00:00+00:00,1.3620499999999984,1.3620499999999984,1.3605999999999985,1.3611299999999984,12823
2026-03-05T08:00:00+00:00,1.3611299999999984,1.3636799999999984,1.3611199999999986,1.3625699999999985,14953
2026-03-05T09:00:00+00:00,1.3625699999999985,1.3626999999999985,1.3593899999999985,1.3612599999999986,29266
2026-03-05T10:00:00+00:00,1.3612599999999986,1.3616899999999985,1.3606099999999985,1.3608699999999985,11377
2026-03-05T11:00:00+00:00,1.3608699999999985,1.3610999999999984,1.3595099999999984,1.3598399999999986,8211
2026-03-05T12:00:00+00:00,1.3598399999999986,1.3602499999999984,1.3587599999999984,1.3587799999999985,9090
2026-03-05T13:00:00+00:00,1.3587799999999985,1.3615199999999985,1.3581199999999984,1.3614499999999985,14720
2026-03-05T14:00:00+00:00,1.3614499999999985,1.3623999999999985,1.3604199999999984,1.3607299999999984,18555
2026-03-05T15:00:00+00:00,1.3607299999999984,1.3658799999999984,1.3600899999999985,1.3648199999999986,23175
2026-03-05T16:00:00+00:00,1.3648199999999986,1.3682299999999985,1.3645699999999985,1.3660199999999985,23055
2026-03-05T17:00:00+00:00,1.3660199999999985,1.3677099999999984,1.3655999999999986,1.3667499999999986,21564
2026-03-05T18:00:00+00:00,1.3667499999999986,1.3671499999999985,1.3653199999999985,1.3654299999999986,21154
2026-03-05T19:00:00+00:00,1.3654299999999986,1.3668099999999985,1.3650199999999986,1.3657799999999984,13760
2026-03-05T20:00:00+00:00,1.3657799999999984,1.3661399999999986,1.3631499999999985,1.3635499999999985,19947
2026-03-05T21:00:00+00:00,1.3635499999999985,1.3643799999999986,1.3631299999999984,1.3639999999999985,5239
2026-03-05T22:00:00+00:00,1.3639999999999985,1.3642999999999985,1.3634099999999985,1.3636099999999984,875.9321479664827
2026-03-05T23:00:00+00:00,1.3636099999999984,1.3641199999999984,1.3631799999999985,1.3637899999999985,3144
2026-03-06T00:00:00+00:00,1.3637899999999985,1.3637899999999985,1.3624999999999985,1.3630699999999984,6147
2026-03-06T01:00:00+00:00,1.3630699999999984,1.3631799999999985,1.3622599999999985,1.3623799999999986,10202
2026-03-06T02:00:00+00:00,1.3623799999999986,1.3628299999999984,1.3619299999999985,1.3627499999999986,5538
2026-03-06T03:00:00+00:00,1.3627499999999986,1.3628299999999984,1.3623199999999984,1.3623499999999986,4705
2026-03-06T04:00:00+00:00,1.3623499999999986,1.3627599999999984,1.3620499999999984,1.3626799999999986,2692.18346581876
2026-03-06T05:00:00+00:00,1.3626799999999986,1.3630599999999986,1.3622699999999985,1.3630199999999986,6536
2026-03-06T06:00:00+00:00,1.3630199999999986,1.3631399999999985,1.3623299999999985,1.3626199999999986,7876
2026-03-06T07:00:00+00:00,1.3626199999999986,1.3627299999999984,1.3614399999999984,1.3617099999999984,7225
2026-03-06T08:00:00+00:00,1.3617099999999984,1.3620499999999984,1.3610599999999986,1.3619299999999985,10412
2026-03-06T09:00:00+00:00,1.3619299999999985,1.3638899999999985,1.3618899999999985,1.3635499999999985,13994
2026-03-06T10:00:00+00:00,1.3635499999999985,1.3637999999999986,1.3624099999999986,1.3626699999999985,10301
2026-03-06T11:00:00+00:00,1.3626699999999985,1.3636299999999986,1.3619999999999985,1.3634299999999986,11443
2026-03-06T12:00:00+00:00,1.3634299999999986,1.3635899999999985,1.3617499999999985,1.3624399999999985,10363
2026-03-06T13:00:00+00:00,1.3624399999999985,1.3625899999999984,1.3594599999999986,1.3614799999999985,29290
2026-03-06T14:00:00+00:00,1.3614799999999985,1.3640399999999986,1.3612999999999984,1.3615299999999986,30952
2026-03-06T15:00:00+00:00,1.3615299999999986,1.3615499999999985,1.3582199999999984,1.3591799999999985,34939
2026-03-06T16:00:00+00:00,1.3591799999999985,1.3594099999999985,1.3563199999999984,1.3564999999999985,19202
2026-03-06T17:00:00+00:00,1.3564999999999985,1.3579499999999984,1.3561299999999985,1.3564999999999985,18429
2026-03-06T18:00:00+00:00,1.3564999999999985,1.3567499999999986,1.3547499999999986,1.3554399999999984,16818
2026-03-06T19:00:00+00:00,1.3554399999999984,1.3556599999999985,1.3545999999999985,1.3551899999999986,12094
2026-03-06T20:00:00+00:00,1.3551899999999986,1.3556099999999984,1.3541699999999985,1.3551999999999984,12959
2026-03-06T21:00:00+00:00,1.3551999999999984,1.35603,1.3525799999999986,1.35591,8073
2026-03-08T21:00:00+00:00,1.35591,1.3567300000000002,1.3553200000000003,1.3562800000000002,721.0638505197005
2026-03-08T22:00:00+00:00,1.3562800000000002,1.35712,1.35182,1.35566,7475.130374862183
2026-03-08T23:00:00+00:00,1.35566,1.35711,1.35529,1.3566600000000002,10137
2026-03-09T00:00:00+00:00,1.3566600000000002,1.3571700000000002,1.35603,1.35644,13285
2026-03-09T01:00:00+00:00,1.35644,1.35714,1.35555,1.3556300000000001,16299
2026-03-09T02:00:00+00:00,1.3556300000000001,1.35572,1.35321,1.35339,18009
2026-03-09T03:00:00+00:00,1.35339,1.3535000000000001,1.35236,1.3524600000000002,12850
2026-03-09T04:00:00+00:00,1.3524600000000002,1.3526600000000002,1.3516700000000001,1.35183,8297
2026-03-09T05:00:00+00:00,1.35183,1.35216,1.3510700000000002,1.3517800000000002,23895
2026-03-09T06:00:00+00:00,1.3517800000000002,1.3524600000000002,1.3513400000000002,1.3522900000000002,15206
2026-03-09T07:00:00+00:00,1.3522900000000002,1.3529000000000002,1.35146,1.35173,16361
2026-03-09T08:00:00+00:00,1.35173,1.35467,1.3515300000000001,1.35399,22004
2026-03-09T09:00:00+00:00,1.35399,1.3543800000000001,1.3512400000000002,1.3515400000000002,20981
2026-03-09T10:00:00+00:00,1.3515400000000002,1.35175,1.3500800000000002,1.35043,16349
2026-03-09T11:00:00+00:00,1.35043,1.35084,1.3490900000000001,1.3503,13719
2026-03-09T12:00:00+00:00,1.3503,1.3536400000000002,1.3503,1.35339,17030
2026-03-09T13:00:00+00:00,1.35339,1.3544100000000001,1.3518500000000002,1.3538400000000002,26404
2026-03-09T14:00:00+00:00,1.3538400000000002,1.35484,1.35301,1.35443,33630
2026-03-09T15:00:00+00:00,1.35443,1.3556100000000002,1.3535300000000001,1.35403,18502
2026-03-09T16:00:00+00:00,1.35403,1.3544200000000002,1.3529200000000001,1.35359,13089
2026-03-09T17:00:00+00:00,1.35359,1.35514,1.35358,1.3550200000000001,11147
2026-03-09T18:00:00+00:00,1.3550200000000001,1.35569,1.35416,1.3546,10295
2026-03-09T19:00:00+00:00,1.3546,1.35532,1.3525600000000002,1.35477,31364
2026-03-09T20:00:00+00:00,1.35477,1.3564,1.3546,1.3552300000000002,9594
2026-03-09T21:00:00+00:00,1.3552300000000002,1.3552300000000002,1.3533300000000001,1.3537100000000002,1276.9752609766283
2026-03-09T22:00:00+00:00,1.3537100000000002,1.3548500000000003,1.3533900000000003,1.3542100000000001,3113
2026-03-09T23:00:00+00:00,1.3542100000000001,1.3550800000000003,1.3539100000000002,1.3548600000000002,4182
2026-03-10T00:00:00+00:00,1.3548600000000002,1.3556500000000002,1.3546000000000002,1.3552600000000001,11324
2026-03-10T01:00:00+00:00,1.3552600000000001,1.3563400000000003,1.3550600000000002,1.3557300000000003,11056
2026-03-10T02:00:00+00:00,1.3557300000000003,1.3560400000000001,1.3554700000000002,1.3558700000000001,9069
2026-03-10T03:00:00+00:00,1.3558700000000001,1.3560500000000002,1.3555800000000002,1.3558600000000003,5568
2026-03-10T04:00:00+00:00,1.3558600000000003,1.3562500000000002,1.3550900000000001,1.3551200000000003,5051
2026-03-10T05:00:00+00:00,1.3551200000000003,1.3554400000000002,1.3545600000000002,1.3545700000000003,7527
2026-03-10T06:00:00+00:00,1.3545700000000003,1.3546600000000002,1.3534800000000002,1.3536600000000003,6975
2026-03-10T07:00:00+00:00,1.3536600000000003,1.3538700000000001,1.3527200000000001,1.3531400000000002,10005
2026-03-10T08:00:00+00:00,1.3531400000000002,1.3548200000000001,1.3531300000000002,1.3545400000000003,11684
2026-03-10T09:00:00+00:00,1.3545400000000003,1.3546400000000003,1.3531100000000003,1.3543700000000003,9793
2026-03-10T10:00:00+00:00,1.3543700000000003,1.3547200000000001,1.3533700000000002,1.3534200000000003,11121
2026-03-10T11:00:00+00:00,1.3534200000000003,1.3534700000000002,1.3519800000000002,1.3525600000000002,12322
2026-03-10T12:00:00+00:00,1.3525600000000002,1.3534600000000003,1.3503800000000001,1.3511100000000003,17110
2026-03-10T13:00:00+00:00,1.3511100000000003,1.3540800000000002,1.3508100000000003,1.3538100000000002,17603
2026-03-10T14:00:00+00:00,1.3538100000000002,1.3541600000000003,1.3508100000000003,1.3513600000000001,19173
2026-03-10T15:00:00+00:00,1.3513600000000001,1.3531100000000003,1.3509500000000003,1.3524700000000003,13367
2026-03-10T16:00:00+00:00,1.3524700000000003,1.3536300000000003,1.3524700000000003,1.3532400000000002,11964
2026-03-10T17:00:00+00:00,1.3532400000000002,1.3537100000000002,1.3527600000000002,1.3531000000000002,14857
2026-03-10T18:00:00+00:00,1.3531000000000002,1.3543100000000001,1.3529200000000001,1.3539500000000002,22785
2026-03-10T19:00:00+00:00,1.3539500000000002,1.3545500000000001,1.3535500000000003,1.3542000000000003,16839
2026-03-10T20:00:00+00:00,1.3542000000000003,1.3547400000000003,1.3538900000000003,1.3541100000000001,6564
2026-03-10T21:00:00+00:00,1.3541100000000001,1.3541100000000001,1.3530800000000003,1.3538100000000002,1149.3207313667485
2026-03-10T22:00:00+00:00,1.3538100000000002,1.35461,1.3538100000000002,1.3543900000000002,1389
2026-03-10T23:00:00+00:00,1.3543900000000002,1.3546700000000003,1.3542800000000002,1.3544600000000002,2026
2026-03-11T00:00:00+00:00,1.3544600000000002,1.35464,1.35376,1.3540500000000002,6662
2026-03-11T01:00:00+00:00,1.3540500000000002,1.3542500000000002,1.3531000000000002,1.3533300000000001,6783
2026-03-11T02:00:00+00:00,1.3533300000000001,1.3534500000000003,1.3516800000000002,1.3521600000000003,5317
2026-03-11T03:00:00+00:00,1.3521600000000003,1.3522800000000001,1.35169,1.3519,5267
2026-03-11T04:00:00+00:00,1.3519,1.3523100000000001,1.35176,1.3520600000000003,3714
2026-03-11T05:00:00+00:00,1.3520600000000003,1.3522900000000002,1.35183,1.3521900000000002,4265
2026-03-11T06:00:00+00:00,1.3521900000000002,1.3529300000000002,1.3516200000000003,1.3526700000000003,5252
2026-03-11T07:00:00+00:00,1.3526700000000003,1.3534800000000002,1.3524,1.3525200000000002,10481
2026-03-11T08:00:00+00:00,1.3525200000000002,1.3536200000000003,1.3521600000000003,1.3527300000000002,12433
2026-03-11T09:00:00+00:00,1.3527300000000002,1.3537700000000004,1.3524500000000002,1.3535900000000003,11663
2026-03-11T10:00:00+00:00,1.3535900000000003,1.3539400000000001,1.3530900000000003,1.3532600000000004,8001
2026-03-11T11:00:00+00:00,1.3532600000000004,1.3537400000000002,1.3523300000000003,1.3530100000000003,10160
2026-03-11T12:00:00+00:00,1.3530100000000003,1.3556200000000003,1.3524100000000003,1.3555200000000003,16449
2026-03-11T13:00:00+00:00,1.3555200000000003,1.3559200000000002,1.3547500000000003,1.3550200000000003,17309
2026-03-11T14:00:00+00:00,1.3550200000000003,1.3552700000000002,1.3536600000000003,1.3543200000000002,23049
2026-03-11T15:00:00+00:00,1.3543200000000002,1.3566800000000003,1.3539000000000003,1.3566000000000003,14762
2026-03-11T16:00:00+00:00,1.3566000000000003,1.3568100000000003,1.3546600000000002,1.3546900000000002,11855
2026-03-11T17:00:00+00:00,1.3546900000000002,1.3553500000000003,1.3537800000000002,1.3547600000000002,14212
2026-03-11T18:00:00+00:00,1.3547600000000002,1.3556600000000003,1.3546500000000004,1.3554100000000002,11595
2026-03-11T19:00:00+00:00,1.3554100000000002,1.3558700000000004,1.3547200000000001,1.3547900000000002,6366
2026-03-11T20:00:00+00:00,1.3547900000000002,1.3557400000000002,1.3546700000000003,1.3555400000000002,3702
2026-03-11T21:00:00+00:00,1.3555400000000002,1.3557700000000001,1.35491,1.3550000000000002,799.2280951338322
2026-03-11T22:00:00+00:00,1.3550000000000002,1.3563,1.3548200000000001,1.3562400000000001,2392
2026-03-11T23:00:00+00:00,1.3562400000000001,1.3567600000000002,1.3560500000000002,1.3566300000000002,5700
2026-03-12T00:00:00+00:00,1.3566300000000002,1.3568000000000002,1.3549900000000001,1.3551000000000002,6479
2026-03-12T01:00:00+00:00,1.3551000000000002,1.3556100000000002,1.3541900000000002,1.3545600000000002,8705
2026-03-12T02:00:00+00:00,1.3545600000000002,1.3555800000000002,1.3541900000000002,1.3551900000000001,7316
2026-03-12T03:00:00+00:00,1.3551900000000001,1.35552,1.3550700000000002,1.35528,4692
2026-03-12T04:00:00+00:00,1.35528,1.3556800000000002,1.3550200000000001,1.35556,4175
2026-03-12T05:00:00+00:00,1.35556,1.3557800000000002,1.3549900000000001,1.35569,6631
2026-03-12T06:00:00+00:00,1.35569,1.3557100000000002,1.3547000000000002,1.3550400000000002,5902
2026-03-12T07:00:00+00:00,1.3550400000000002,1.3555100000000002,1.35454,1.3550200000000001,6923
2026-03-12T08:00:00+00:00,1.3550200000000001,1.3553300000000001,1.35403,1.35511,9083
2026-03-12T09:00:00+00:00,1.35511,1.3553600000000001,1.3547300000000002,1.35495,8930
2026-03-12T10:00:00+00:00,1.35495,1.3557000000000001,1.3549200000000001,1.3555400000000002,6992
2026-03-12T11:00:00+00:00,1.3555400000000002,1.35589,1.3550200000000001,1.3555700000000002,7553
2026-03-12T12:00:00+00:00,1.3555700000000002,1.3568000000000002,1.3555000000000001,1.35644,9726
2026-03-12T13:00:00+00:00,1.35644,1.3575000000000002,1.3558100000000002,1.35718,18259
2026-03-12T14:00:00+00:00,1.35718,1.3578400000000002,1.35613,1.35759,20027
2026-03-12T15:00:00+00:00,1.35759,1.3597500000000002,1.3574100000000002,1.3582900000000002,23804
2026-03-12T16:00:00+00:00,1.3582900000000002,1.3594800000000002,1.35749,1.3591700000000002,18054
2026-03-12T17:00:00+00:00,1.3591700000000002,1.3595800000000002,1.3583,1.3589300000000002,14052
2026-03-12T18:00:00+00:00,1.3589300000000002,1.35918,1.3582500000000002,1.3586200000000002,10149
2026-03-12T19:00:00+00:00,1.3586200000000002,1.3593300000000001,1.35844,1.35928,8378
2026-03-12T20:00:00+00:00,1.35928,1.36061,1.3589700000000002,1.36013,6203
2026-03-12T21:00:00+00:00,1.36013,1.36076,1.3588900000000004,1.3594300000000004,775.5126597544563
2026-03-12T22:00:00+00:00,1.3594300000000004,1.3604700000000003,1.3594000000000004,1.3594700000000004,1378
2026-03-12T23:00:00+00:00,1.3594700000000004,1.3595900000000003,1.3588600000000004,1.3591800000000003,3018
2026-03-13T00:00:00+00:00,1.3591800000000003,1.3591800000000003,1.3581600000000005,1.3585000000000005,7234
2026-03-13T01:00:00+00:00,1.3585000000000005,1.3592100000000005,1.3579900000000005,1.3590200000000003,7601
2026-03-13T02:00:00+00:00,1.3590200000000003,1.3598000000000003,1.3585000000000005,1.3595800000000005,7876
2026-03-13T03:00:00+00:00,1.3595800000000005,1.3601300000000003,1.3594200000000003,1.3597200000000005,5572
2026-03-13T04:00:00+00:00,1.3597200000000005,1.3605800000000003,1.3596800000000004,1.3603600000000005,3540
2026-03-13T05:00:00+00:00,1.3603600000000005,1.3606500000000004,1.3601900000000005,1.3605200000000004,4255
2026-03-13T06:00:00+00:00,1.3605200000000004,1.3613700000000004,1.3602400000000003,1.3611400000000005,5757
2026-03-13T07:00:00+00:00,1.3611400000000005,1.3624500000000004,1.3610100000000003,1.3619500000000004,9096
2026-03-13T08:00:00+00:00,1.3619500000000004,1.3630700000000004,1.3618800000000004,1.3622300000000005,10853
2026-03-13T09:00:00+00:00,1.3622300000000005,1.3629800000000003,1.3618900000000005,1.3628700000000005,9363
2026-03-13T10:00:00+00:00,1.3628700000000005,1.3638500000000005,1.3623300000000005,1.3636900000000003,11870
2026-03-13T11:00:00+00:00,1.3636900000000003,1.3642400000000003,1.3624300000000005,1.3624900000000004,9956
2026-03-13T12:00:00+00:00,1.3624900000000004,1.3662400000000003,1.3612100000000005,1.3661000000000003,17521
2026-03-13T13:00:00+00:00,1.3661000000000003,1.3674000000000004,1.3639500000000004,1.3644300000000005,19129
2026-03-13T14:00:00+00:00,1.3644300000000005,1.3673400000000004,1.3642000000000003,1.3672200000000003,18639
2026-03-13T15:00:00+00:00,1.3672200000000003,1.3695800000000005,1.3671100000000005,1.3695500000000005,20565
2026-03-13T16:00:00+00:00,1.3695500000000005,1.3700400000000004,1.3688300000000004,1.3692500000000003,14995
2026-03-13T17:00:00+00:00,1.3692500000000003,1.3697500000000005,1.3686300000000005,1.3691200000000003,12301
2026-03-13T18:00:00+00:00,1.3691200000000003,1.3693800000000005,1.3677300000000003,1.3681300000000003,10810
2026-03-13T19:00:00+00:00,1.3681300000000003,1.3692000000000004,1.3680400000000004,1.3687500000000004,6073
2026-03-13T20:00:00+00:00,1.3687500000000004,1.3692300000000004,1.3677000000000004,1.3677000000000004,7773.660792951542
2026-03-15T21:00:00+00:00,1.3677000000000004,1.3685800000000001,1.36726,1.3681200000000002,1439.593170579234
2026-03-15T22:00:00+00:00,1.3681200000000002,1.3685700000000003,1.3673400000000002,1.3674300000000004,4007
2026-03-15T23:00:00+00:00,1.3674300000000004,1.3675900000000003,1.3669300000000002,1.3673000000000002,4891
2026-03-16T00:00:00+00:00,1.3673000000000002,1.3673300000000002,1.3666600000000002,1.3667400000000003,7452
2026-03-16T01:00:00+00:00,1.3667400000000003,1.3675200000000003,1.3665500000000002,1.3665800000000004,8470
2026-03-16T02:00:00+00:00,1.3665800000000004,1.3672500000000003,1.3665100000000003,1.3672400000000002,5794
2026-03-16T03:00:00+00:00,1.3672400000000002,1.3674300000000004,1.3668500000000003,1.3672300000000002,4374
2026-03-16T04:00:00+00:00,1.3672300000000002,1.3677100000000002,1.3670100000000003,1.3677000000000004,3872
2026-03-16T05:00:00+00:00,1.3677000000000004,1.3679100000000002,1.3674100000000002,1.3677200000000003,4924
2026-03-16T06:00:00+00:00,1.3677200000000003,1.3683300000000003,1.3671800000000003,1.3679300000000003,5034
2026-03-16T07:00:00+00:00,1.3679300000000003,1.3680200000000002,1.3664000000000003,1.3667400000000003,7842
2026-03-16T08:00:00+00:00,1.3667400000000003,1.3669200000000004,1.3658200000000003,1.3658900000000003,10981
2026-03-16T09:00:00+00:00,1.3658900000000003,1.3664700000000003,1.3658100000000002,1.3659800000000002,8298
2026-03-16T10:00:00+00:00,1.3659800000000002,1.3662700000000003,1.3651300000000002,1.3653100000000002,6910
2026-03-16T11:00:00+00:00,1.3653100000000002,1.3653600000000004,1.3639400000000002,1.3643500000000002,7130
2026-03-16T12:00:00+00:00,1.3643500000000002,1.3654800000000002,1.3634200000000003,1.3652600000000004,11087
2026-03-16T13:00:00+00:00,1.3652600000000004,1.3652600000000004,1.3618800000000002,1.3622000000000003,12869
2026-03-16T14:00:00+00:00,1.3622000000000003,1.3636600000000003,1.3613300000000002,1.3627300000000002,13045
2026-03-16T15:00:00+00:00,1.3627300000000002,1.3648100000000003,1.3621500000000002,1.3644500000000002,12022
2026-03-16T16:00:00+00:00,1.3644500000000002,1.3649300000000002,1.3634400000000002,1.3638900000000003,13768
2026-03-16T17:00:00+00:00,1.3638900000000003,1.3644500000000002,1.3631400000000002,1.3640100000000002,11939
2026-03-16T18:00:00+00:00,1.3640100000000002,1.3640100000000002,1.3629200000000004,1.3635000000000002,8790
2026-03-16T19:00:00+00:00,1.3635000000000002,1.3647300000000002,1.3631900000000003,1.3640600000000003,9618
2026-03-16T20:00:00+00:00,1.3640600000000003,1.3646000000000003,1.3638400000000002,1.3645600000000002,4307
2026-03-16T21:00:00+00:00,1.3645600000000002,1.3646700000000003,1.3640400000000004,1.3640400000000004,938.7829774890424
2026-03-16T22:00:00+00:00,1.3640400000000004,1.3648200000000004,1.3639400000000002,1.3647300000000002,1397
2026-03-16T23:00:00+00:00,1.3647300000000002,1.3649400000000003,1.3645800000000003,1.3647400000000003,1872
2026-03-17T00:00:00+00:00,1.3647400000000003,1.3651000000000002,1.3645400000000003,1.3646800000000003,4149
2026-03-17T01:00:00+00:00,1.3646800000000003,1.3650000000000002,1.3642500000000002,1.3642900000000002,5764
2026-03-17T02:00:00+00:00,1.3642900000000002,1.3647300000000002,1.3641800000000002,1.3647000000000002,4104
2026-03-17T03:00:00+00:00,1.3647000000000002,1.3648600000000002,1.3640100000000002,1.3647600000000002,6128
2026-03-17T04:00:00+00:00,1.3647600000000002,1.3649500000000003,1.3641900000000002,1.3645000000000003,3384
2026-03-17T05:00:00+00:00,1.3645000000000003,1.3659100000000002,1.3643500000000002,1.3658000000000003,4424
2026-03-17T06:00:00+00:00,1.3658000000000003,1.3661800000000002,1.3654000000000002,1.3655100000000002,7418
2026-03-17T07:00:00+00:00,1.3655100000000002,1.3656400000000002,1.3645000000000003,1.3649800000000003,6470
2026-03-17T08:00:00+00:00,1.3649800000000003,1.3656500000000003,1.3646800000000003,1.3649600000000002,9479
2026-03-17T09:00:00+00:00,1.3649600000000002,1.3659300000000003,1.3646900000000002,1.3656300000000003,8019
2026-03-17T10:00:00+00:00,1.3656300000000003,1.3662300000000003,1.3652000000000002,1.3661700000000003,5526
2026-03-17T11:00:00+00:00,1.3661700000000003,1.3667000000000002,1.3655600000000003,1.3667000000000002,6579
2026-03-17T12:00:00+00:00,1.3667000000000002,1.3670100000000003,1.3655400000000002,1.3663000000000003,9777
2026-03-17T13:00:00+00:00,1.3663000000000003,1.3669700000000002,1.36481,1.36505,13412
2026-03-17T14:00:00+00:00,1.36505,1.3662800000000002,1.3641200000000002,1.3661800000000002,11741
2026-03-17T15:00:00+00:00,1.3661800000000002,1.3682800000000002,1.36596,1.3668200000000001,16844
2026-03-17T16:00:00+00:00,1.3668200000000001,1.36745,1.36603,1.3661400000000001,12225
2026-03-17T17:00:00+00:00,1.3661400000000001,1.36623,1.36504,1.36522,6799
2026-03-17T18:00:00+00:00,1.36522,1.3660100000000002,1.36515,1.3657500000000002,5084
2026-03-17T19:00:00+00:00,1.3657500000000002,1.3660400000000001,1.36552,1.36583,4487
2026-03-17T20:00:00+00:00,1.36583,1.3658500000000002,1.36498,1.3651200000000001,2884
2026-03-17T21:00:00+00:00,1.3651200000000001,1.3654600000000001,1.3648200000000001,1.3650800000000003,538.7366056923466
2026-03-17T22:00:00+00:00,1.3650800000000003,1.3655100000000002,1.3650500000000003,1.3654800000000002,1666
2026-03-17T23:00:00+00:00,1.3654800000000002,1.3655900000000003,1.3651700000000002,1.3651800000000003,2336
2026-03-18T00:00:00+00:00,1.3651800000000003,1.3658800000000004,1.3649700000000002,1.3654900000000003,10081
2026-03-18T01:00:00+00:00,1.3654900000000003,1.3658800000000004,1.3649200000000004,1.3654800000000002,5688
2026-03-18T02:00:00+00:00,1.3654800000000002,1.3660700000000003,1.3652200000000003,1.3660000000000003,4612
2026-03-18T03:00:00+00:00,1.3660000000000003,1.3662700000000003,1.3657600000000003,1.3661000000000003,3798
2026-03-18T04:00:00+00:00,1.3661000000000003,1.3663900000000004,1.3659500000000002,1.3662200000000004,3319
2026-03-18T05:00:00+00:00,1.3662200000000004,1.3663000000000003,1.3659500000000002,1.3660900000000002,4158
2026-03-18T06:00:00+00:00,1.3660900000000002,1.3671300000000004,1.3660500000000004,1.3668000000000002,3875
2026-03-18T07:00:00+00:00,1.3668000000000002,1.3674900000000003,1.3666300000000002,1.3671900000000003,5584
2026-03-18T08:00:00+00:00,1.3671900000000003,1.3673300000000004,1.3657400000000004,1.3658900000000003,7385
2026-03-18T09:00:00+00:00,1.3658900000000003,1.3662200000000004,1.3653300000000004,1.3653900000000003,6260
2026-03-18T10:00:00+00:00,1.3653900000000003,1.3662800000000004,1.3651000000000004,1.3659800000000004,5374
2026-03-18T11:00:00+00:00,1.3659800000000004,1.3660700000000003,1.3650100000000003,1.3650800000000003,10401
2026-03-18T12:00:00+00:00,1.3650800000000003,1.3670500000000003,1.3650100000000003,1.3670400000000003,16809
2026-03-18T13:00:00+00:00,1.3670400000000003,1.3686200000000004,1.3669500000000003,1.3673300000000004,17998
2026-03-18T14:00:00+00:00,1.3673300000000004,1.3677600000000003,1.3659100000000004,1.3659300000000003,18461
2026-03-18T15:00:00+00:00,1.3659300000000003,1.3669700000000002,1.3656000000000004,1.3659300000000003,13867
2026-03-18T16:00:00+00:00,1.3659300000000003,1.3665300000000002,1.3649900000000001,1.3659900000000003,10741
2026-03-18T17:00:00+00:00,1.3659900000000003,1.3669500000000003,1.3656400000000002,1.3657600000000003,9919
2026-03-18T18:00:00+00:00,1.3657600000000003,1.3679600000000003,1.3653900000000003,1.3679500000000002,15796
2026-03-18T19:00:00+00:00,1.3679500000000002,1.3688100000000003,1.3675600000000003,1.3687500000000004,10472
2026-03-18T20:00:00+00:00,1.3687500000000004,1.3699700000000004,1.3686600000000002,1.3692400000000002,5689
2026-03-18T21:00:00+00:00,1.3692400000000002,1.3693100000000002,1.3680100000000002,1.3681600000000003,968.6486164952235
2026-03-18T22:00:00+00:00,1.3681600000000003,1.3699900000000003,1.3681600000000003,1.3696600000000003,1914
2026-03-18T23:00:00+00:00,1.3696600000000003,1.3697900000000003,1.3690300000000002,1.3692500000000003,4159
2026-03-19T00:00:00+00:00,1.3692500000000003,1.3693500000000003,1.3681100000000004,1.3681400000000004,7774
2026-03-19T01:00:00+00:00,1.3681400000000004,1.3683600000000002,1.3676300000000003,1.3683200000000002,6244
2026-03-19T02:00:00+00:00,1.3683200000000002,1.3687500000000004,1.3675800000000002,1.3685000000000003,7737
2026-03-19T03:00:00+00:00,1.3685000000000003,1.3688600000000002,1.3681400000000004,1.3688600000000002,3994
2026-03-19T04:00:00+00:00,1.3688600000000002,1.3691500000000003,1.3687900000000002,1.3689500000000003,3709
2026-03-19T05:00:00+00:00,1.3689500000000003,1.3693200000000003,1.3686700000000003,1.3691800000000003,4772
2026-03-19T06:00:00+00:00,1.3691800000000003,1.3693000000000002,1.3684300000000003,1.3685000000000003,6395
2026-03-19T07:00:00+00:00,1.3685000000000003,1.3700800000000002,1.3683000000000003,1.3698300000000003,10433
2026-03-19T08:00:00+00:00,1.3698300000000003,1.3709000000000002,1.3692700000000002,1.3706400000000003,12729
2026-03-19T09:00:00+00:00,1.3706400000000003,1.3706400000000003,1.3689900000000004,1.3695800000000002,16142
2026-03-19T10:00:00+00:00,1.3695800000000002,1.3704100000000004,1.3694000000000002,1.3696700000000004,8004
2026-03-19T11:00:00+00:00,1.3696700000000004,1.3705700000000003,1.3692700000000002,1.3697800000000002,9893
2026-03-19T12:00:00+00:00,1.3697800000000002,1.3710100000000003,1.3687800000000003,1.3688000000000002,18594
2026-03-19T13:00:00+00:00,1.3688000000000002,1.3699500000000002,1.3676900000000003,1.3680400000000004,30953
2026-03-19T14:00:00+00:00,1.3680400000000004,1.3702000000000003,1.3667400000000003,1.3690600000000002,32346
2026-03-19T15:00:00+00:00,1.3690600000000002,1.3694300000000004,1.3676400000000002,1.3684900000000002,24807
2026-03-19T16:00:00+00:00,1.3684900000000002,1.3697400000000002,1.3672200000000003,1.3690200000000003,20411
2026-03-19T17:00:00+00:00,1.3690200000000003,1.3696500000000003,1.3676600000000003,1.3688900000000004,14172
2026-03-19T18:00:00+00:00,1.3688900000000004,1.3699700000000004,1.3687000000000002,1.3687000000000002,10202
2026-03-19T19:00:00+00:00,1.3687000000000002,1.3701300000000003,1.3666300000000002,1.3699800000000002,24765
2026-03-19T20:00:00+00:00,1.3699800000000002,1.3706800000000003,1.3696000000000004,1.3700400000000004,4950
2026-03-19T21:00:00+00:00,1.3700400000000004,1.3700400000000004,1.3687000000000002,1.3692700000000004,979.6351045904738
2026-03-19T22:00:00+00:00,1.3692700000000004,1.3702900000000005,1.3692700000000004,1.3698900000000003,2424
2026-03-19T23:00:00+00:00,1.3698900000000003,1.3700300000000003,1.3694000000000004,1.3699200000000002,3459
2026-03-20T00:00:00+00:00,1.3699200000000002,1.3704400000000003,1.3697800000000004,1.3699200000000002,6388
2026-03-20T01:00:00+00:00,1.3699200000000002,1.3700900000000003,1.3691200000000003,1.3695100000000004,9200
2026-03-20T02:00:00+00:00,1.3695100000000004,1.3696700000000004,1.3686600000000004,1.3687700000000003,5799
2026-03-20T03:00:00+00:00,1.3687700000000003,1.3694300000000004,1.3687100000000003,1.3692700000000004,5431
2026-03-20T04:00:00+00:00,1.3692700000000004,1.3695100000000004,1.3691200000000003,1.3694100000000002,3063
2026-03-20T05:00:00+00:00,1.3694100000000002,1.3701500000000004,1.3690900000000004,1.3701100000000004,5548
2026-03-20T06:00:00+00:00,1.3701100000000004,1.3701500000000004,1.3695300000000004,1.3699500000000004,6054
2026-03-20T07:00:00+00:00,1.3699500000000004,1.3702800000000004,1.3681900000000002,1.3683100000000004,8758
2026-03-20T08:00:00+00:00,1.3683100000000004,1.3686800000000003,1.3674700000000004,1.3678300000000003,9690
2026-03-20T09:00:00+00:00,1.3678300000000003,1.3682200000000004,1.3672800000000003,1.3681300000000003,10980
2026-03-20T10:00:00+00:00,1.3681300000000003,1.3690800000000003,1.3681200000000004,1.3687100000000003,11807
2026-03-20T11:00:00+00:00,1.3687100000000003,1.3688000000000002,1.3671300000000004,1.3671400000000002,9069
2026-03-20T12:00:00+00:00,1.3671400000000002,1.3682800000000004,1.3661400000000004,1.3676100000000004,15077
2026-03-20T13:00:00+00:00,1.3676100000000004,1.3686300000000002,1.3665800000000004,1.3686100000000003,17538
2026-03-20T14:00:00+00:00,1.3686100000000003,1.3703800000000004,1.3677700000000004,1.3692400000000002,21435
2026-03-20T15:00:00+00:00,1.3692400000000002,1.3709600000000004,1.3679000000000003,1.3694200000000003,21458
2026-03-20T16:00:00+00:00,1.3694200000000003,1.3696300000000003,1.3674500000000003,1.3676100000000004,12854
2026-03-20T17:00:00+00:00,1.3676100000000004,1.3681600000000003,1.3666300000000002,1.3669600000000004,15191
2026-03-20T18:00:00+00:00,1.3669600000000004,1.3690500000000003,1.3665900000000004,1.3687700000000003,16551
2026-03-20T19:00:00+00:00,1.3687700000000003,1.3689400000000003,1.3670300000000004,1.3680800000000004,12787
2026-03-20T20:00:00+00:00,1.3680800000000004,1.3687500000000004,1.3676100000000004,1.3680800000000002,5185.778469501958
2026-03-22T21:00:00+00:00,1.3680800000000002,1.3683400000000001,1.3670400000000005,1.3670400000000005,1158.891346179726
2026-03-22T22:00:00+00:00,1.3670400000000005,1.3694400000000007,1.3670300000000006,1.3687800000000006,3091
2026-03-22T23:00:00+00:00,1.3687800000000006,1.3688800000000005,1.3666500000000006,1.3671400000000005,8032
2026-03-23T00:00:00+00:00,1.3671400000000005,1.3687900000000006,1.3668900000000006,1.3682100000000006,11837
2026-03-23T01:00:00+00:00,1.3682100000000006,1.3682400000000006,1.3665700000000005,1.3670700000000007,14914
2026-03-23T02:00:00+00:00,1.3670700000000007,1.3680400000000006,1.3662600000000005,1.3676700000000006,9770
2026-03-23T03:00:00+00:00,1.3676700000000006,1.3680000000000005,1.3672900000000006,1.3678000000000006,7325
2026-03-23T04:00:00+00:00,1.3678000000000006,1.3680400000000006,1.3675100000000007,1.3677900000000005,5723
2026-03-23T05:00:00+00:00,1.3677900000000005,1.3693800000000005,1.3676700000000006,1.3693000000000006,8353
2026-03-23T06:00:00+00:00,1.3693000000000006,1.3698400000000006,1.3690800000000005,1.3693300000000006,10493
2026-03-23T07:00:00+00:00,1.3693300000000006,1.3701200000000007,1.3686200000000006,1.3691900000000006,10977
2026-03-23T08:00:00+00:00,1.3691900000000006,1.3696100000000007,1.3686000000000005,1.3696000000000006,14508
2026-03-23T09:00:00+00:00,1.3696000000000006,1.3713900000000006,1.3694700000000006,1.3711800000000005,10207
2026-03-23T10:00:00+00:00,1.3711800000000005,1.3716800000000005,1.3709600000000006,1.3714800000000005,12042
2026-03-23T11:00:00+00:00,1.3714800000000005,1.3714900000000005,1.3645400000000005,1.3693900000000006,80674
2026-03-23T12:00:00+00:00,1.3693900000000006,1.3706000000000005,1.3652600000000006,1.3658800000000006,29608
2026-03-23T13:00:00+00:00,1.3658800000000006,1.3689600000000006,1.3657100000000006,1.3671200000000006,36686
2026-03-23T14:00:00+00:00,1.3671200000000006,1.3671400000000005,1.3631300000000006,1.3661000000000005,33310
2026-03-23T15:00:00+00:00,1.3661000000000005,1.3685800000000006,1.3652500000000005,1.3680300000000005,27787
2026-03-23T16:00:00+00:00,1.3680300000000005,1.3690900000000006,1.3673700000000006,1.3686100000000005,19503
2026-03-23T17:00:00+00:00,1.3686100000000005,1.3692300000000006,1.3676400000000006,1.3689900000000006,15474
2026-03-23T18:00:00+00:00,1.3689900000000006,1.3697600000000005,1.3675400000000006,1.3678900000000005,13486
2026-03-23T19:00:00+00:00,1.3678900000000005,1.3690600000000006,1.3677400000000006,1.3684200000000006,8676
2026-03-23T20:00:00+00:00,1.3684200000000006,1.3692900000000006,1.3683200000000006,1.3686600000000007,5305
2026-03-23T21:00:00+00:00,1.3686600000000007,1.3686600000000007,1.3678200000000005,1.3678300000000005,857.4699356099633
2026-03-23T22:00:00+00:00,1.3678300000000005,1.3689300000000004,1.3677400000000004,1.3684500000000004,1884
2026-03-23T23:00:00+00:00,1.3684500000000004,1.3692500000000005,1.3683500000000004,1.3691400000000005,3908
2026-03-24T00:00:00+00:00,1.3691400000000005,1.3703500000000004,1.3690100000000005,1.3702800000000004,12772
2026-03-24T01:00:00+00:00,1.3702800000000004,1.3710700000000005,1.3700200000000005,1.3710000000000004,12119
2026-03-24T02:00:00+00:00,1.3710000000000004,1.3713200000000005,1.3706500000000004,1.3712600000000004,8723
2026-03-24T03:00:00+00:00,1.3712600000000004,1.3715900000000005,1.3710300000000004,1.3715000000000004,6449
2026-03-24T04:00:00+00:00,1.3715000000000004,1.3720100000000004,1.3714200000000005,1.3717500000000005,4138
2026-03-24T05:00:00+00:00,1.3717500000000005,1.3721200000000005,1.3713900000000006,1.3716800000000005,9027
2026-03-24T06:00:00+00:00,1.3716800000000005,1.3722300000000005,1.3710900000000004,1.3711200000000003,16256
2026-03-24T07:00:00+00:00,1.3711200000000003,1.3712800000000005,1.3686100000000005,1.3701100000000004,17795
2026-03-24T08:00:00+00:00,1.3701100000000004,1.3714500000000005,1.3700500000000004,1.3708300000000004,16210
2026-03-24T09:00:00+00:00,1.3708300000000004,1.3714000000000004,1.3699100000000004,1.3701100000000004,11303
2026-03-24T10:00:00+00:00,1.3701100000000004,1.3704400000000005,1.3690900000000004,1.3693500000000005,12005
2026-03-24T11:00:00+00:00,1.3693500000000005,1.3708200000000004,1.3689300000000004,1.3707300000000004,13289
2026-03-24T12:00:00+00:00,1.3707300000000004,1.3717400000000004,1.3696900000000005,1.3704600000000005,13911
2026-03-24T13:00:00+00:00,1.3704600000000005,1.3722400000000003,1.3697700000000004,1.3703500000000004,19436
2026-03-24T14:00:00+00:00,1.3703500000000004,1.3718200000000005,1.3690200000000003,1.3710100000000005,25990
2026-03-24T15:00:00+00:00,1.3710100000000005,1.3726300000000005,1.3707600000000004,1.3725900000000004,21445
2026-03-24T16:00:00+00:00,1.3725900000000004,1.3735500000000005,1.3718900000000005,1.3733300000000004,13840
2026-03-24T17:00:00+00:00,1.3733300000000004,1.3746100000000006,1.3732600000000004,1.3739500000000004,17914
2026-03-24T18:00:00+00:00,1.3739500000000004,1.3744100000000004,1.3723400000000003,1.3730800000000005,14613
2026-03-24T19:00:00+00:00,1.3730800000000005,1.3730800000000005,1.3721400000000004,1.3724800000000004,9449
2026-03-24T20:00:00+00:00,1.3724800000000004,1.3729500000000003,1.3701900000000005,1.3723500000000004,17482
2026-03-24T21:00:00+00:00,1.3723500000000004,1.3723700000000005,1.3712600000000004,1.3714200000000003,1331.059023862082
2026-03-24T22:00:00+00:00,1.3714200000000003,1.3725200000000004,1.3714200000000003,1.3720500000000004,2657
2026-03-24T23:00:00+00:00,1.3720500000000004,1.3724700000000003,1.3716200000000005,1.3716800000000005,4154
2026-03-25T00:00:00+00:00,1.3716800000000005,1.3722100000000004,1.3708600000000004,1.3714800000000005,9898
2026-03-25T01:00:00+00:00,1.3714800000000005,1.3725900000000004,1.3713000000000004,1.3725500000000004,9831
2026-03-25T02:00:00+00:00,1.3725500000000004,1.3733000000000004,1.3724100000000004,1.3731000000000004,7232
2026-03-25T03:00:00+00:00,1.3731000000000004,1.3732900000000003,1.3727200000000004,1.3727800000000003,6430
2026-03-25T04:00:00+00:00,1.3727800000000003,1.3731400000000005,1.3727400000000003,1.3731100000000005,4289
2026-03-25T05:00:00+00:00,1.3731100000000005,1.3736400000000004,1.3731000000000004,1.3736100000000004,6253
2026-03-25T06:00:00+00:00,1.3736100000000004,1.3739200000000005,1.3734200000000003,1.3736400000000004,5654
2026-03-25T07:00:00+00:00,1.3736400000000004,1.3743200000000004,1.3729900000000004,1.3741500000000004,8762
2026-03-25T08:00:00+00:00,1.3741500000000004,1.3745800000000004,1.3736000000000004,1.3745600000000004,12919
2026-03-25T09:00:00+00:00,1.3745600000000004,1.3753800000000005,1.3743300000000005,1.3752200000000003,6917
2026-03-25T10:00:00+00:00,1.3752200000000003,1.3756900000000003,1.3750000000000004,1.3752200000000003,6582
2026-03-25T11:00:00+00:00,1.3752200000000003,1.3758800000000004,1.3747100000000003,1.3754100000000005,6911
2026-03-25T12:00:00+00:00,1.3754100000000005,1.3758800000000004,1.3743500000000004,1.3744400000000003,14119
2026-03-25T13:00:00+00:00,1.3744400000000003,1.3751400000000005,1.3731100000000005,1.3748300000000004,16193
2026-03-25T14:00:00+00:00,1.3748300000000004,1.3756300000000004,1.3740500000000004,1.3753000000000004,16206
2026-03-25T15:00:00+00:00,1.3753000000000004,1.3766400000000003,1.3750100000000005,1.3757400000000004,13941
2026-03-25T16:00:00+00:00,1.3757400000000004,1.3768200000000004,1.3755000000000004,1.3767600000000004,11760
2026-03-25T17:00:00+00:00,1.3767600000000004,1.3768600000000004,1.3757900000000003,1.3768300000000004,9640
2026-03-25T18:00:00+00:00,1.3768300000000004,1.3774300000000004,1.3764500000000004,1.3769600000000004,9142
2026-03-25T19:00:00+00:00,1.3769600000000004,1.3778400000000004,1.3769500000000003,1.3775000000000004,7042
2026-03-25T20:00:00+00:00,1.3775000000000004,1.3775400000000004,1.3765100000000003,1.3768600000000004,4409
2026-03-25T21:00:00+00:00,1.3768600000000004,1.3768900000000006,1.3759200000000005,1.3763600000000005,1298.0476732602817
2026-03-25T22:00:00+00:00,1.3763600000000005,1.3774200000000005,1.3763600000000005,1.3771000000000004,1290
2026-03-25T23:00:00+00:00,1.3771000000000004,1.3775200000000005,1.3770500000000006,1.3773400000000005,2060
2026-03-26T00:00:00+00:00,1.3773400000000005,1.3783400000000006,1.3772800000000005,1.3781300000000005,5232
2026-03-26T01:00:00+00:00,1.3781300000000005,1.3783400000000006,1.3776500000000005,1.3782100000000006,5965
2026-03-26T02:00:00+00:00,1.3782100000000006,1.3790500000000006,1.3781900000000005,1.3786600000000004,4573
2026-03-26T03:00:00+00:00,1.3786600000000004,1.3787000000000005,1.3775400000000004,1.3778700000000006,5337
2026-03-26T04:00:00+00:00,1.3778700000000006,1.3780300000000005,1.3776300000000006,1.3779200000000005,3798
2026-03-26T05:00:00+00:00,1.3779200000000005,1.3785500000000006,1.3778500000000005,1.3784200000000004,5533
2026-03-26T06:00:00+00:00,1.3784200000000004,1.3785400000000005,1.3776400000000006,1.3776900000000005,7766
2026-03-26T07:00:00+00:00,1.3776900000000005,1.3790500000000006,1.3776900000000005,1.3788700000000005,8560
2026-03-26T08:00:00+00:00,1.3788700000000005,1.3797200000000005,1.3787900000000006,1.3790600000000006,8123
2026-03-26T09:00:00+00:00,1.3790600000000006,1.3793400000000005,1.3785400000000005,1.3787300000000005,7870
2026-03-26T10:00:00+00:00,1.3787300000000005,1.3791000000000004,1.3783300000000005,1.3790100000000005,6870
2026-03-26T11:00:00+00:00,1.3790100000000005,1.3808400000000005,1.3787400000000005,1.3805200000000006,6311
2026-03-26T12:00:00+00:00,1.3805200000000006,1.3808000000000005,1.3791900000000006,1.3794300000000006,10145
2026-03-26T13:00:00+00:00,1.3794300000000006,1.3796200000000005,1.3779900000000005,1.3786700000000005,14163
2026-03-26T14:00:00+00:00,1.3786700000000005,1.3799700000000006,1.3783700000000005,1.3795300000000006,16577
2026-03-26T15:00:00+00:00,1.3795300000000006,1.3816600000000006,1.3793200000000005,1.3809900000000006,14621
2026-03-26T16:00:00+00:00,1.3809900000000006,1.3813600000000006,1.3799900000000005,1.3801900000000005,10589
2026-03-26T17:00:00+00:00,1.3801900000000005,1.3814100000000005,1.3801900000000005,1.3813500000000005,8286
2026-03-26T18:00:00+00:00,1.3813500000000005,1.3814800000000005,1.3804700000000005,1.3805500000000006,7319
2026-03-26T19:00:00+00:00,1.3805500000000006,1.3816200000000005,1.3804400000000006,1.3816100000000004,7277
2026-03-26T20:00:00+00:00,1.3816100000000004,1.3824800000000006,1.3794700000000006,1.3818200000000005,12201
2026-03-26T21:00:00+00:00,1.3818200000000005,1.3818200000000005,1.3808700000000005,1.3809100000000005,760.1687838474172
2026-03-26T22:00:00+00:00,1.3809100000000005,1.3814700000000004,1.3807100000000005,1.3809000000000005,1497
2026-03-26T23:00:00+00:00,1.3809000000000005,1.3812000000000004,1.3802600000000005,1.3811600000000004,2443
2026-03-27T00:00:00+00:00,1.3811600000000004,1.3819600000000005,1.3807500000000006,1.3816100000000004,7893
2026-03-27T01:00:00+00:00,1.3816100000000004,1.3818300000000006,1.3804600000000005,1.3805500000000004,7975
2026-03-27T02:00:00+00:00,1.3805500000000004,1.3810500000000006,1.3802700000000006,1.3810300000000004,5932
2026-03-27T03:00:00+00:00,1.3810300000000004,1.3814000000000004,1.3809500000000006,1.3813000000000004,5551
2026-03-27T04:00:00+00:00,1.3813000000000004,1.3814000000000004,1.3808300000000004,1.3809500000000006,4647
2026-03-27T05:00:00+00:00,1.3809500000000006,1.3813000000000004,1.3805700000000005,1.3812700000000004,5892
2026-03-27T06:00:00+00:00,1.3812700000000004,1.3813800000000005,1.3805800000000006,1.3810600000000004,6063
2026-03-27T07:00:00+00:00,1.3810600000000004,1.3811800000000005,1.3805300000000005,1.3808700000000005,5977
2026-03-27T08:00:00+00:00,1.3808700000000005,1.3810700000000005,1.3803600000000005,1.3808900000000004,6086
2026-03-27T09:00:00+00:00,1.3808900000000004,1.3813700000000004,1.3804500000000004,1.3810600000000004,6581
2026-03-27T10:00:00+00:00,1.3810600000000004,1.3812200000000006,1.3805300000000005,1.3808200000000004,7380
2026-03-27T11:00:00+00:00,1.3808200000000004,1.3824500000000004,1.3804600000000005,1.3822700000000006,7183
2026-03-27T12:00:00+00:00,1.3822700000000006,1.3828300000000004,1.3818200000000005,1.3826100000000006,8996
2026-03-27T13:00:00+00:00,1.3826100000000006,1.3828500000000006,1.3813600000000006,1.3820500000000004,13207
2026-03-27T14:00:00+00:00,1.3820500000000004,1.3825800000000006,1.3808300000000004,1.3822800000000004,14720
2026-03-27T15:00:00+00:00,1.3822800000000004,1.3838600000000005,1.3816600000000006,1.3838600000000005,16813
2026-03-27T16:00:00+00:00,1.3838600000000005,1.3841900000000005,1.3829200000000004,1.3838000000000006,11970
2026-03-27T17:00:00+00:00,1.3838000000000006,1.3848400000000005,1.3833400000000005,1.3844400000000006,9845
2026-03-27T18:00:00+00:00,1.3844400000000006,1.3849400000000005,1.3839200000000005,1.3843700000000005,7388
2026-03-27T19:00:00+00:00,1.3843700000000005,1.3848400000000005,1.3836700000000004,1.3839700000000004,4535
2026-03-27T20:00:00+00:00,1.3839700000000004,1.3853200000000006,1.3839700000000004,1.3847600000000004,4414.253357206804
2026-03-29T21:00:00+00:00,1.3847600000000004,1.3851000000000002,1.3846300000000002,1.3848300000000002,989.6854252035132
2026-03-29T22:00:00+00:00,1.3848300000000002,1.3873000000000002,1.3846600000000002,1.3870200000000004,3084
2026-03-29T23:00:00+00:00,1.3870200000000004,1.3872700000000002,1.3864900000000002,1.3869700000000003,6548
2026-03-30T00:00:00+00:00,1.3869700000000003,1.3872100000000003,1.3856600000000003,1.3856700000000002,13436
2026-03-30T01:00:00+00:00,1.3856700000000002,1.3862100000000002,1.3855500000000003,1.3859200000000003,8143
2026-03-30T02:00:00+00:00,1.3859200000000003,1.3864800000000002,1.3859200000000003,1.3862600000000003,6838
2026-03-30T03:00:00+00:00,1.3862600000000003,1.3863900000000002,1.3858800000000002,1.3862300000000003,4363
2026-03-30T04:00:00+00:00,1.3862300000000003,1.3863400000000003,1.3859000000000004,1.3863200000000002,2567
2026-03-30T05:00:00+00:00,1.3863200000000002,1.3864000000000003,1.3855800000000003,1.3858500000000002,5181
2026-03-30T06:00:00+00:00,1.3858500000000002,1.3869700000000003,1.3857800000000002,1.3861600000000003,6206
2026-03-30T07:00:00+00:00,1.3861600000000003,1.3880200000000003,1.3861500000000002,1.3879400000000002,6033
2026-03-30T08:00:00+00:00,1.3879400000000002,1.3888700000000003,1.3878100000000002,1.3888200000000002,6098
2026-03-30T09:00:00+00:00,1.3888200000000002,1.3889200000000002,1.3881500000000002,1.3884300000000003,5611
2026-03-30T10:00:00+00:00,1.3884300000000003,1.3886000000000003,1.3877000000000002,1.3881300000000003,7363
2026-03-30T11:00:00+00:00,1.3881300000000003,1.3891900000000006,1.3881000000000003,1.3891500000000006,8805.809991017757
2026-03-30T12:00:00+00:00,1.3891500000000006,1.3895900000000005,1.3886600000000004,1.3895200000000005,8034
2026-03-30T13:00:00+00:00,1.3895200000000005,1.3901200000000005,1.3891500000000006,1.3900700000000006,11696
2026-03-30T14:00:00+00:00,1.3900700000000006,1.3915000000000004,1.3889300000000004,1.3890100000000005,13469
2026-03-30T15:00:00+00:00,1.3890100000000005,1.3899400000000004,1.3884400000000006,1.3892200000000006,11345
2026-03-30T16:00:00+00:00,1.3892200000000006,1.3897600000000006,1.3886500000000006,1.3893700000000004,9115
2026-03-30T17:00:00+00:00,1.3893700000000004,1.3896900000000005,1.3887500000000006,1.3892100000000005,8841
2026-03-30T18:00:00+00:00,1.3892100000000005,1.3897700000000004,1.3886400000000005,1.3896000000000004,6025
2026-03-30T19:00:00+00:00,1.3896000000000004,1.3900700000000006,1.3893600000000006,1.3899500000000005,6266
2026-03-30T20:00:00+00:00,1.3899500000000005,1.3900200000000005,1.3891700000000005,1.3891900000000006,4294
2026-03-30T21:00:00+00:00,1.3891900000000006,1.3893000000000004,1.3884800000000002,1.3889500000000001,1334.8640110062477
2026-03-30T22:00:00+00:00,1.3889500000000001,1.3898200000000003,1.3889500000000001,1.3896800000000002,953
2026-03-30T23:00:00+00:00,1.3896800000000002,1.3900200000000003,1.3894800000000003,1.3897700000000002,2857
2026-03-31T00:00:00+00:00,1.3897700000000002,1.3904800000000002,1.3890100000000003,1.3891300000000002,13334
2026-03-31T01:00:00+00:00,1.3891300000000002,1.3896200000000003,1.3885500000000002,1.3890900000000002,13488
2026-03-31T02:00:00+00:00,1.3890900000000002,1.3895300000000002,1.3890000000000002,1.3894800000000003,9415
2026-03-31T03:00:00+00:00,1.3894800000000003,1.3901000000000003,1.3893800000000003,1.3900100000000002,5666
2026-03-31T04:00:00+00:00,1.3900100000000002,1.3901300000000003,1.3896400000000002,1.3900100000000002,5198
2026-03-31T05:00:00+00:00,1.3900100000000002,1.3903200000000002,1.3895200000000003,1.3897900000000003,7216
2026-03-31T06:00:00+00:00,1.3897900000000003,1.3907000000000003,1.3897700000000002,1.3903000000000003,6886
2026-03-31T07:00:00+00:00,1.3903000000000003,1.3908600000000002,1.3900800000000002,1.3902500000000002,7307
2026-03-31T08:00:00+00:00,1.3902500000000002,1.3911100000000003,1.3902100000000002,1.3909200000000002,5844
2026-03-31T09:00:00+00:00,1.3909200000000002,1.3913200000000003,1.3907100000000003,1.3911800000000003,6126
2026-03-31T10:00:00+00:00,1.3911800000000003,1.3914100000000003,1.3911000000000002,1.3913100000000003,5676
2026-03-31T11:00:00+00:00,1.3913100000000003,1.3914100000000003,1.3900400000000002,1.3904700000000003,9621
2026-03-31T12:00:00+00:00,1.3904700000000003,1.3911100000000003,1.3900400000000002,1.3908900000000002,11170
2026-03-31T13:00:00+00:00,1.3908900000000002,1.3911100000000003,1.3893500000000003,1.3898600000000003,9673
2026-03-31T14:00:00+00:00,1.3898600000000003,1.3936000000000002,1.3895500000000003,1.3924800000000002,17638
2026-03-31T15:00:00+00:00,1.3924800000000002,1.3935800000000003,1.3918200000000003,1.3923200000000002,19427
2026-03-31T16:00:00+00:00,1.3923200000000002,1.3926100000000003,1.3895100000000002,1.3903700000000003,18479
2026-03-31T17:00:00+00:00,1.3903700000000003,1.3908900000000002,1.3897700000000002,1.3906000000000003,14535
2026-03-31T18:00:00+00:00,1.3906000000000003,1.3907100000000003,1.3900700000000001,1.3903900000000002,10383
2026-03-31T19:00:00+00:00,1.3903900000000002,1.3907100000000003,1.3878500000000003,1.3882800000000002,9946
2026-03-31T20:00:00+00:00,1.3882800000000002,1.3886000000000003,1.3875000000000002,1.3883800000000002,8146
2026-03-31T21:00:00+00:00,1.3883800000000002,1.3883800000000002,1.3874300000000002,1.3877500000000003,924
2026-03-31T22:00:00+00:00,1.3877500000000003,1.3887700000000003,1.3875900000000003,1.3881000000000003,1711
2026-03-31T23:00:00+00:00,1.3881000000000003,1.3881600000000003,1.3872000000000002,1.3873000000000002,3008
2026-04-01T00:00:00+00:00,1.3873000000000002,1.3876300000000001,1.3866100000000003,1.3867600000000002,6351
2026-04-01T01:00:00+00:00,1.3867600000000002,1.3880800000000002,1.3867000000000003,1.3876500000000003,8867
2026-04-01T02:00:00+00:00,1.3876500000000003,1.3878400000000002,1.3868900000000002,1.3871600000000002,6195
2026-04-01T03:00:00+00:00,1.3871600000000002,1.3881300000000003,1.3870600000000002,1.3879900000000003,4748
2026-04-01T04:00:00+00:00,1.3879900000000003,1.3880800000000002,1.3876500000000003,1.3878500000000003,4040
2026-04-01T05:00:00+00:00,1.3878500000000003,1.3879900000000003,1.3867700000000003,1.3874700000000002,6543
2026-04-01T06:00:00+00:00,1.3874700000000002,1.3880700000000001,1.3861800000000002,1.3862100000000002,11518
2026-04-01T07:00:00+00:00,1.3862100000000002,1.3879600000000003,1.3861400000000001,1.3877600000000003,13285
2026-04-01T08:00:00+00:00,1.3877600000000003,1.3878800000000002,1.3855700000000002,1.3859100000000002,9807
2026-04-01T09:00:00+00:00,1.3859100000000002,1.3866300000000003,1.3855000000000002,1.3858000000000001,8730
2026-04-01T10:00:00+00:00,1.3858000000000001,1.3865500000000002,1.3856700000000002,1.3863200000000002,8273
2026-04-01T11:00:00+00:00,1.3863200000000002,1.3868100000000003,1.3858200000000003,1.3860400000000002,6239
2026-04-01T12:00:00+00:00,1.3860400000000002,1.3868000000000003,1.3852900000000001,1.3864300000000003,13087
2026-04-01T13:00:00+00:00,1.3864300000000003,1.3868900000000002,1.3846000000000003,1.3864500000000002,16592
2026-04-01T14:00:00+00:00,1.3864500000000002,1.3873800000000003,1.3855400000000002,1.3856300000000001,16798
2026-04-01T15:00:00+00:00,1.3856300000000001,1.3862300000000003,1.3845300000000003,1.3846000000000003,11776
2026-04-01T16:00:00+00:00,1.3846000000000003,1.3855800000000003,1.3842800000000002,1.3844000000000003,7372
2026-04-01T17:00:00+00:00,1.3844000000000003,1.3856700000000002,1.3841200000000002,1.3855900000000003,6789
2026-04-01T18:00:00+00:00,1.3855900000000003,1.3865000000000003,1.3854800000000003,1.3863700000000003,9116
2026-04-01T19:00:00+00:00,1.3863700000000003,1.3864100000000001,1.3848300000000002,1.3854000000000002,7251
2026-04-01T20:00:00+00:00,1.3854000000000002,1.3854300000000002,1.3841700000000003,1.3842000000000003,3398
2026-04-01T21:00:00+00:00,1.3842000000000003,1.3842800000000002,1.3836800000000002,1.3841300000000003,4457.541004850897
2026-04-01T22:00:00+00:00,1.3841300000000003,1.3846400000000003,1.3840900000000003,1.3843400000000003,1538
2026-04-01T23:00:00+00:00,1.3843400000000003,1.3847200000000002,1.3842000000000003,1.3846800000000001,2450
2026-04-02T00:00:00+00:00,1.3846800000000001,1.3848800000000003,1.3839700000000001,1.3841500000000002,6629
2026-04-02T01:00:00+00:00,1.3841500000000002,1.3869400000000003,1.3838000000000001,1.3863900000000002,23227
2026-04-02T02:00:00+00:00,1.3863900000000002,1.3870900000000002,1.3860100000000002,1.3870000000000002,10997
2026-04-02T03:00:00+00:00,1.3870000000000002,1.3880100000000002,1.3868500000000001,1.3878800000000002,5982
2026-04-02T04:00:00+00:00,1.3878800000000002,1.3884000000000003,1.3878500000000003,1.3880400000000002,5804
2026-04-02T05:00:00+00:00,1.3880400000000002,1.3887800000000003,1.3878600000000003,1.3886300000000003,7456
2026-04-02T06:00:00+00:00,1.3886300000000003,1.3886300000000003,1.3878300000000003,1.3882200000000002,10571
2026-04-02T07:00:00+00:00,1.3882200000000002,1.3886900000000002,1.3875400000000002,1.3879700000000001,9602
2026-04-02T08:00:00+00:00,1.3879700000000001,1.3890900000000002,1.3878800000000002,1.3889700000000003,6372
2026-04-02T09:00:00+00:00,1.3889700000000003,1.3890700000000002,1.3882000000000003,1.3886800000000001,5328
2026-04-02T10:00:00+00:00,1.3886800000000001,1.3898200000000003,1.3884800000000002,1.3898200000000003,5317
2026-04-02T11:00:00+00:00,1.3898200000000003,1.3902500000000002,1.3885600000000002,1.3887200000000002,5570
2026-04-02T12:00:00+00:00,1.3887200000000002,1.3891500000000003,1.3875900000000003,1.3888000000000003,9133
2026-04-02T13:00:00+00:00,1.3888000000000003,1.3892500000000003,1.3883900000000002,1.3887800000000003,10734
2026-04-02T14:00:00+00:00,1.3887800000000003,1.3895700000000002,1.3877800000000002,1.3893000000000002,19286
2026-04-02T15:00:00+00:00,1.3893000000000002,1.3894300000000002,1.3880700000000006,1.3886300000000005,13584.771135515955
2026-04-02T16:00:00+00:00,1.3886300000000005,1.3893900000000006,1.3880700000000006,1.3883100000000006,9886
2026-04-02T17:00:00+00:00,1.3883100000000006,1.3887100000000006,1.3879000000000006,1.3884100000000006,6469
2026-04-02T18:00:00+00:00,1.3884100000000006,1.3890900000000006,1.3882700000000006,1.3886800000000006,4823
2026-04-02T19:00:00+00:00,1.3886800000000006,1.3892000000000004,1.3883700000000005,1.3887500000000006,4913
2026-04-02T20:00:00+00:00,1.3887500000000006,1.3890300000000004,1.3883500000000004,1.3886900000000004,3945
2026-04-02T21:00:00+00:00,1.3886900000000004,1.3886900000000004,1.3879900000000005,1.3881600000000005,579.6652510855964
2026-04-02T22:00:00+00:00,1.3881600000000005,1.3891600000000004,1.3881600000000005,1.3889400000000005,1098
2026-04-02T23:00:00+00:00,1.3889400000000005,1.3889800000000003,1.3886000000000005,1.3887400000000003,738
2026-04-03T00:00:00+00:00,1.3887400000000003,1.3892200000000003,1.3884900000000004,1.3890600000000004,1872
2026-04-03T01:00:00+00:00,1.3890600000000004,1.3893800000000005,1.3889900000000004,1.3893500000000003,1991
2026-04-03T02:00:00+00:00,1.3893500000000003,1.3895300000000004,1.3891700000000005,1.3894200000000003,1510
2026-04-03T03:00:00+00:00,1.3894200000000003,1.3895400000000004,1.3892800000000005,1.3894600000000004,1282
2026-04-03T04:00:00+00:00,1.3894600000000004,1.3894900000000003,1.3893000000000004,1.3894800000000005,2036
2026-04-03T05:00:00+00:00,1.3894800000000005,1.3896600000000003,1.3891100000000005,1.3891600000000004,1285
2026-04-03T06:00:00+00:00,1.3891600000000004,1.3894800000000005,1.3889700000000005,1.3890800000000003,1721
2026-04-03T07:00:00+00:00,1.3890800000000003,1.3892500000000003,1.3888100000000003,1.3890700000000005,2016
2026-04-03T08:00:00+00:00,1.3890700000000005,1.3894700000000004,1.3889300000000004,1.3889700000000005,2037
2026-04-03T09:00:00+00:00,1.3889700000000005,1.3890500000000003,1.3887300000000005,1.3890100000000003,2976
2026-04-03T10:00:00+00:00,1.3890100000000003,1.3893900000000003,1.3889400000000005,1.3893900000000003,2030
2026-04-03T11:00:00+00:00,1.3893900000000003,1.3896600000000003,1.3892100000000005,1.3895800000000005,1893
2026-04-03T12:00:00+00:00,1.3895800000000005,1.3912200000000003,1.3895400000000004,1.3909600000000004,5709
2026-04-03T13:00:00+00:00,1.3909600000000004,1.3912600000000004,1.3904600000000005,1.3907600000000004,4038
2026-04-03T14:00:00+00:00,1.3907600000000004,1.3918900000000005,1.3907300000000005,1.3914700000000004,2898
2026-04-03T15:00:00+00:00,1.3914700000000004,1.3914900000000003,1.3910300000000004,1.3912300000000004,3400
2026-04-03T16:00:00+00:00,1.3912300000000004,1.3915400000000004,1.3910600000000004,1.3912000000000004,2972
2026-04-03T17:00:00+00:00,1.3912000000000004,1.3914600000000004,1.3910500000000003,1.3914000000000004,5561
2026-04-03T18:00:00+00:00,1.3914000000000004,1.3914600000000004,1.3912500000000003,1.3914100000000005,3014
2026-04-03T19:00:00+00:00,1.3914100000000005,1.3917400000000004,1.3911300000000004,1.3915600000000004,963.8149410655226
2026-04-03T20:00:00+00:00,1.3915600000000004,1.3916700000000004,1.3901400000000004,1.3908200000000002,4107.002596650781
2026-04-05T21:00:00+00:00,1.3908200000000002,1.3911700000000002,1.3908200000000002,1.39115,2035.859458907606
2026-04-05T22:00:00+00:00,1.39115,1.3932900000000001,1.39115,1.3929500000000001,2922
2026-04-05T23:00:00+00:00,1.3929500000000001,1.3932900000000001,1.39291,1.39311,2889.1104753521126
2026-04-06T00:00:00+00:00,1.39311,1.39316,1.39248,1.39294,5617
2026-04-06T01:00:00+00:00,1.39294,1.3933,1.39282,1.39326,3425
2026-04-06T02:00:00+00:00,1.39326,1.39326,1.39211,1.39253,5257
2026-04-06T03:00:00+00:00,1.39253,1.39282,1.39238,1.39243,5003
2026-04-06T04:00:00+00:00,1.39243,1.39245,1.39215,1.39231,4320
2026-04-06T05:00:00+00:00,1.39231,1.3925,1.39208,1.39249,3817
2026-04-06T06:00:00+00:00,1.39249,1.3928,1.39208,1.3921000000000001,5217
2026-04-06T07:00:00+00:00,1.3921000000000001,1.39279,1.39036,1.39048,8416
2026-04-06T08:00:00+00:00,1.39048,1.39086,1.3901700000000001,1.39073,6809
2026-04-06T09:00:00+00:00,1.39073,1.39083,1.39014,1.39062,5607
2026-04-06T10:00:00+00:00,1.39062,1.39145,1.3902700000000001,1.3909500000000001,6704
2026-04-06T11:00:00+00:00,1.3909500000000001,1.39114,1.3904100000000001,1.39047,3975
2026-04-06T12:00:00+00:00,1.39047,1.3910200000000001,1.38948,1.38967,6409
2026-04-06T13:00:00+00:00,1.38967,1.38989,1.3887800000000001,1.38914,7248
2026-04-06T14:00:00+00:00,1.38914,1.3902700000000001,1.38879,1.39003,14572
2026-04-06T15:00:00+00:00,1.39003,1.39092,1.39002,1.39012,10385
2026-04-06T16:00:00+00:00,1.39012,1.39045,1.38965,1.39026,6016
2026-04-06T17:00:00+00:00,1.39026,1.39091,1.39008,1.39037,6277
2026-04-06T18:00:00+00:00,1.39037,1.39058,1.3897300000000001,1.39033,6459
2026-04-06T19:00:00+00:00,1.39033,1.39049,1.38994,1.39025,3638
2026-04-06T20:00:00+00:00,1.39025,1.39038,1.38938,1.3896600000000001,3283
2026-04-06T21:00:00+00:00,1.3896600000000001,1.39023,1.3889900000000002,1.3896400000000002,1197.4296691643667
2026-04-06T22:00:00+00:00,1.3896400000000002,1.3904100000000001,1.3896400000000002,1.3903800000000002,1042
2026-04-06T23:00:00+00:00,1.3903800000000002,1.3907,1.3901900000000003,1.3905200000000002,1580
2026-04-07T00:00:00+00:00,1.3905200000000002,1.3911700000000002,1.3904800000000002,1.3911600000000002,6916
2026-04-07T01:00:00+00:00,1.3911600000000002,1.3921800000000002,1.3909000000000002,1.3919100000000002,6944
2026-04-07T02:00:00+00:00,1.3919100000000002,1.3922400000000001,1.3917400000000002,1.3918100000000002,5132
2026-04-07T03:00:00+00:00,1.3918100000000002,1.3918300000000001,1.3912200000000001,1.39135,4434
2026-04-07T04:00:00+00:00,1.39135,1.39135,1.3908000000000003,1.3910300000000002,5013
2026-04-07T05:00:00+00:00,1.3910300000000002,1.3916800000000003,1.3909600000000002,1.39121,8075
2026-04-07T06:00:00+00:00,1.39121,1.3916800000000003,1.3908500000000001,1.3913600000000002,7524
2026-04-07T07:00:00+00:00,1.3913600000000002,1.3919400000000002,1.39111,1.3915100000000002,6481
2026-04-07T08:00:00+00:00,1.3915100000000002,1.3915400000000002,1.3901700000000001,1.3903500000000002,10278
2026-04-07T09:00:00+00:00,1.3903500000000002,1.3917100000000002,1.3901400000000002,1.39111,7005
2026-04-07T10:00:00+00:00,1.39111,1.3921800000000002,1.3910300000000002,1.3914000000000002,10361
2026-04-07T11:00:00+00:00,1.3914000000000002,1.3916600000000001,1.3903200000000002,1.3904200000000002,5080
2026-04-07T12:00:00+00:00,1.3904200000000002,1.39108,1.38989,1.39074,8604
2026-04-07T13:00:00+00:00,1.39074,1.3918100000000002,1.3907200000000002,1.39091,8662
2026-04-07T14:00:00+00:00,1.39091,1.3914100000000003,1.3883600000000003,1.3902100000000002,14787
2026-04-07T15:00:00+00:00,1.3902100000000002,1.3912400000000003,1.38986,1.3899000000000001,11183
2026-04-07T16:00:00+00:00,1.3899000000000001,1.3901000000000001,1.3891900000000001,1.3894600000000001,8453
2026-04-07T17:00:00+00:00,1.3894600000000001,1.38969,1.38857,1.3894100000000003,6681
2026-04-07T18:00:00+00:00,1.3894100000000003,1.38976,1.38898,1.38955,5766
2026-04-07T19:00:00+00:00,1.38955,1.3898700000000002,1.3881500000000002,1.3888000000000003,11194
2026-04-07T20:00:00+00:00,1.3888000000000003,1.3888900000000002,1.3875400000000002,1.3875800000000003,7475
2026-04-07T21:00:00+00:00,1.3875800000000003,1.38796,1.38711,1.3875700000000002,892.1841332027425
2026-04-07T22:00:00+00:00,1.3875700000000002,1.3892600000000002,1.3848500000000001,1.38531,14560
2026-04-07T23:00:00+00:00,1.38531,1.3854300000000002,1.38335,1.38355,10282
2026-04-08T00:00:00+00:00,1.38355,1.38447,1.38267,1.3841700000000001,10365
2026-04-08T01:00:00+00:00,1.3841700000000001,1.38426,1.38247,1.3834300000000002,12024
2026-04-08T02:00:00+00:00,1.3834300000000002,1.38361,1.3827900000000002,1.3831900000000001,8321
2026-04-08T03:00:00+00:00,1.3831900000000001,1.38359,1.3829500000000001,1.3832200000000001,7229
2026-04-08T04:00:00+00:00,1.3832200000000001,1.38351,1.3826,1.3826900000000002,8554
2026-04-08T05:00:00+00:00,1.3826900000000002,1.3829900000000002,1.3816400000000002,1.3825200000000002,10805
2026-04-08T06:00:00+00:00,1.3825200000000002,1.38402,1.3825,1.3836300000000001,8883
2026-04-08T07:00:00+00:00,1.3836300000000001,1.38498,1.3835000000000002,1.3839000000000001,10473
2026-04-08T08:00:00+00:00,1.3839000000000001,1.38589,1.38348,1.3858700000000002,10314
2026-04-08T09:00:00+00:00,1.3858700000000002,1.38649,1.3853900000000001,1.38642,7876
2026-04-08T10:00:00+00:00,1.38642,1.38671,1.3855300000000002,1.3860800000000002,6580
2026-04-08T11:00:00+00:00,1.3860800000000002,1.38643,1.38471,1.3855700000000002,8909
2026-04-08T12:00:00+00:00,1.3855700000000002,1.38663,1.3827800000000001,1.38341,14582
2026-04-08T13:00:00+00:00,1.38341,1.3862,1.38321,1.3850200000000001,16636
2026-04-08T14:00:00+00:00,1.3850200000000001,1.38527,1.38324,1.38324,16612
2026-04-08T15:00:00+00:00,1.38324,1.3848600000000002,1.3832300000000002,1.3846800000000001,12261
2026-04-08T16:00:00+00:00,1.3846800000000001,1.38525,1.3834600000000001,1.3834600000000001,8238
2026-04-08T17:00:00+00:00,1.3834600000000001,1.38456,1.38318,1.3834300000000002,8714
2026-04-08T18:00:00+00:00,1.3834300000000002,1.38528,1.38318,1.3849,10397
2026-04-08T19:00:00+00:00,1.3849,1.38534,1.38297,1.38318,11581
2026-04-08T20:00:00+00:00,1.38318,1.3838700000000002,1.3828200000000002,1.38359,6642
2026-04-08T21:00:00+00:00,1.38359,1.3842800000000002,1.38271,1.38406,1544.8190097349886
2026-04-08T22:00:00+00:00,1.38406,1.3845300000000003,1.3838400000000002,1.3841900000000003,1847.085882352941
2026-04-08T23:00:00+00:00,1.3841900000000003,1.3846900000000004,1.3841400000000001,1.3846700000000003,2628.314615168276
2026-04-09T00:00:00+00:00,1.3846700000000003,1.3851100000000003,1.3845600000000005,1.3848700000000003,6429
2026-04-09T01:00:00+00:00,1.3848700000000003,1.3854600000000004,1.3847200000000004,1.3847800000000003,5413
2026-04-09T02:00:00+00:00,1.3847800000000003,1.3850800000000003,1.3843900000000005,1.3845000000000003,4806
2026-04-09T03:00:00+00:00,1.3845000000000003,1.3848000000000005,1.3843700000000003,1.3844900000000004,3951
2026-04-09T04:00:00+00:00,1.3844900000000004,1.3844900000000004,1.3840200000000005,1.3844600000000005,3481
2026-04-09T05:00:00+00:00,1.3844600000000005,1.3850200000000004,1.3840600000000003,1.3846600000000004,4170
2026-04-09T06:00:00+00:00,1.3846600000000004,1.3853800000000003,1.3846600000000004,1.3849100000000003,6510
2026-04-09T07:00:00+00:00,1.3849100000000003,1.3856100000000005,1.3848000000000005,1.3851400000000005,7761
2026-04-09T08:00:00+00:00,1.3851400000000005,1.3853000000000004,1.3844400000000003,1.3844900000000004,6101
2026-04-09T09:00:00+00:00,1.3844900000000004,1.3852200000000003,1.3844900000000004,1.3851600000000004,5043
2026-04-09T10:00:00+00:00,1.3851600000000004,1.3852600000000004,1.3846800000000004,1.3849600000000004,4616
2026-04-09T11:00:00+00:00,1.3849600000000004,1.3849900000000004,1.3829200000000004,1.3831200000000003,4667
2026-04-09T12:00:00+00:00,1.3831200000000003,1.3839800000000004,1.3825900000000004,1.3830200000000004,8457
2026-04-09T13:00:00+00:00,1.3830200000000004,1.3830500000000003,1.3812000000000004,1.3824900000000004,10481
2026-04-09T14:00:00+00:00,1.3824900000000004,1.3828800000000003,1.3805400000000003,1.3819400000000004,15241
2026-04-09T15:00:00+00:00,1.3819400000000004,1.3830100000000003,1.3801600000000003,1.3803700000000003,14666
2026-04-09T16:00:00+00:00,1.3803700000000003,1.3814700000000004,1.3800000000000003,1.3812700000000004,9282
2026-04-09T17:00:00+00:00,1.3812700000000004,1.3814000000000004,1.3808400000000003,1.3809300000000004,6308
2026-04-09T18:00:00+00:00,1.3809300000000004,1.3820000000000003,1.3808500000000004,1.3814900000000003,8422
2026-04-09T19:00:00+00:00,1.3814900000000003,1.3815900000000003,1.3804500000000004,1.3808700000000003,6819
2026-04-09T20:00:00+00:00,1.3808700000000003,1.3816400000000004,1.3804300000000003,1.3804300000000003,4507
2026-04-09T21:00:00+00:00,1.3804300000000003,1.3811200000000003,1.3804300000000003,1.3806700000000003,1210.750219410691
2026-04-09T22:00:00+00:00,1.3806700000000003,1.3814200000000003,1.3806700000000003,1.3812300000000004,1616
2026-04-09T23:00:00+00:00,1.3812300000000004,1.3819200000000005,1.3811700000000005,1.3817900000000003,2324
2026-04-10T00:00:00+00:00,1.3817900000000003,1.3822100000000004,1.3817900000000003,1.3819600000000003,4335
2026-04-10T01:00:00+00:00,1.3819600000000003,1.3823000000000003,1.3813800000000003,1.3816200000000003,3518
2026-04-10T02:00:00+00:00,1.3816200000000003,1.3822400000000004,1.3815500000000003,1.3819200000000005,3485
2026-04-10T03:00:00+00:00,1.3819200000000005,1.3820300000000003,1.3817000000000004,1.3818900000000003,2480
2026-04-10T04:00:00+00:00,1.3818900000000003,1.3821000000000003,1.3815900000000003,1.3820400000000004,2554
2026-04-10T05:00:00+00:00,1.3820400000000004,1.3824000000000003,1.3819900000000003,1.3821900000000005,3029
2026-04-10T06:00:00+00:00,1.3821900000000005,1.3827200000000004,1.3819000000000004,1.3826600000000004,4963
2026-04-10T07:00:00+00:00,1.3826600000000004,1.3839000000000004,1.3825900000000004,1.3838600000000003,5206
2026-04-10T08:00:00+00:00,1.3838600000000003,1.3839600000000003,1.3830800000000003,1.3832700000000004,4717
2026-04-10T09:00:00+00:00,1.3832700000000004,1.3837000000000004,1.3825600000000005,1.3830400000000003,8554
2026-04-10T10:00:00+00:00,1.3830400000000003,1.3835200000000003,1.3830100000000003,1.3833600000000004,4917
2026-04-10T11:00:00+00:00,1.3833600000000004,1.3834300000000004,1.3818200000000003,1.3819300000000003,4714
2026-04-10T12:00:00+00:00,1.3819300000000003,1.3822500000000004,1.3803600000000005,1.3815600000000003,10328
2026-04-10T13:00:00+00:00,1.3815600000000003,1.3819100000000004,1.3801700000000003,1.3812200000000003,11100
2026-04-10T14:00:00+00:00,1.3812200000000003,1.3826700000000003,1.3794600000000004,1.3826500000000004,12872
2026-04-10T15:00:00+00:00,1.3826500000000004,1.3831200000000003,1.3818400000000004,1.3823800000000004,9893
2026-04-10T16:00:00+00:00,1.3823800000000004,1.3834200000000003,1.3823700000000003,1.3829300000000004,7392
2026-04-10T17:00:00+00:00,1.3829300000000004,1.3832800000000003,1.3823900000000005,1.3825800000000004,5448
2026-04-10T18:00:00+00:00,1.3825800000000004,1.3832100000000003,1.3817000000000004,1.3823000000000003,6113
2026-04-10T19:00:00+00:00,1.3823000000000003,1.3832000000000004,1.3821700000000003,1.3831700000000005,4316
2026-04-10T20:00:00+00:00,1.3831700000000005,1.3838500000000005,1.3826300000000005,1.3834400000000002,4505.616013843008
2026-04-12T21:00:00+00:00,1.3834400000000002,1.3835000000000002,1.3827500000000004,1.3833600000000004,717.1058285597784
2026-04-12T22:00:00+00:00,1.3833600000000004,1.3844900000000002,1.3829300000000002,1.3842000000000003,2037
2026-04-12T23:00:00+00:00,1.3842000000000003,1.3850600000000002,1.3841900000000003,1.3846200000000002,2505.369287490354
2026-04-13T00:00:00+00:00,1.3846200000000002,1.3850000000000002,1.3835700000000002,1.3835700000000002,9157
2026-04-13T01:00:00+00:00,1.3835700000000002,1.3840700000000004,1.3831200000000003,1.3836400000000002,7030
2026-04-13T02:00:00+00:00,1.3836400000000002,1.3837500000000003,1.3832200000000003,1.3834900000000003,4848
2026-04-13T03:00:00+00:00,1.3834900000000003,1.3837700000000002,1.3830900000000002,1.3833900000000003,4867
2026-04-13T04:00:00+00:00,1.3833900000000003,1.3835400000000002,1.3831200000000003,1.3832900000000004,4264
2026-04-13T05:00:00+00:00,1.3832900000000004,1.3836900000000003,1.3832300000000002,1.3834800000000003,4544
2026-04-13T06:00:00+00:00,1.3834800000000003,1.3834800000000003,1.3826400000000003,1.3828000000000003,9166
2026-04-13T07:00:00+00:00,1.3828000000000003,1.3830200000000004,1.3816700000000002,1.3817900000000003,7258
2026-04-13T08:00:00+00:00,1.3817900000000003,1.3820900000000003,1.3815300000000004,1.3815600000000003,5668
2026-04-13T09:00:00+00:00,1.3815600000000003,1.3820500000000002,1.3813600000000004,1.3817400000000002,5769
2026-04-13T10:00:00+00:00,1.3817400000000002,1.3819000000000004,1.3812200000000003,1.3814700000000002,4807
2026-04-13T11:00:00+00:00,1.3814700000000002,1.3820700000000004,1.3807600000000002,1.3820000000000003,6469
2026-04-13T12:00:00+00:00,1.3820000000000003,1.3825400000000003,1.3812600000000002,1.3815400000000002,8790
2026-04-13T13:00:00+00:00,1.3815400000000002,1.3815900000000003,1.3798100000000002,1.3805600000000002,10922
2026-04-13T14:00:00+00:00,1.3805600000000002,1.3806000000000003,1.3778000000000004,1.3784200000000002,12858
2026-04-13T15:00:00+00:00,1.3784200000000002,1.3790200000000004,1.3778900000000003,1.3785300000000003,10470
2026-04-13T16:00:00+00:00,1.3785300000000003,1.3789300000000002,1.3770200000000004,1.3770800000000003,12957
2026-04-13T17:00:00+00:00,1.3770800000000003,1.3772200000000003,1.3763800000000002,1.3770100000000003,6741
2026-04-13T18:00:00+00:00,1.3770100000000003,1.3772700000000002,1.3763000000000003,1.3763700000000003,6994
2026-04-13T19:00:00+00:00,1.3763700000000003,1.3767600000000002,1.3759200000000003,1.3760900000000003,5785
2026-04-13T20:00:00+00:00,1.3760900000000003,1.3767100000000003,1.3759700000000004,1.3763600000000002,3827
2026-04-13T21:00:00+00:00,1.3763600000000002,1.3763600000000002,1.37557,1.3758099999999998,896.5573686884837
2026-04-13T22:00:00+00:00,1.3758099999999998,1.3759399999999997,1.3755799999999998,1.3757999999999997,1217
2026-04-13T23:00:00+00:00,1.3757999999999997,1.3758799999999998,1.3756099999999998,1.3756599999999999,2677
2026-04-14T00:00:00+00:00,1.3756599999999999,1.3759499999999998,1.3755199999999999,1.3756099999999998,4867
2026-04-14T01:00:00+00:00,1.3756099999999998,1.3760099999999997,1.3754999999999997,1.3759399999999997,4522
2026-04-14T02:00:00+00:00,1.3759399999999997,1.3759599999999998,1.3756199999999998,1.3756799999999998,2950
2026-04-14T03:00:00+00:00,1.3756799999999998,1.3757399999999997,1.3752399999999998,1.3752999999999997,2464
2026-04-14T04:00:00+00:00,1.3752999999999997,1.3753799999999998,1.3751599999999997,1.3753199999999999,1906
2026-04-14T05:00:00+00:00,1.3753199999999999,1.3758799999999998,1.3752799999999998,1.3756399999999998,3836
2026-04-14T06:00:00+00:00,1.3756399999999998,1.3757599999999999,1.3744199999999998,1.3744399999999999,6467
2026-04-14T07:00:00+00:00,1.3744399999999999,1.3745199999999997,1.3734299999999997,1.3739999999999999,9756
2026-04-14T08:00:00+00:00,1.3739999999999999,1.3742499999999997,1.3731599999999997,1.3733199999999999,6444
2026-04-14T09:00:00+00:00,1.3733199999999999,1.3736899999999999,1.3729899999999997,1.3732099999999998,5865
2026-04-14T10:00:00+00:00,1.3732099999999998,1.3732499999999999,1.3723999999999998,1.3725699999999998,6073
2026-04-14T11:00:00+00:00,1.3725699999999998,1.3727599999999998,1.3716399999999997,1.3721499999999998,7364
2026-04-14T12:00:00+00:00,1.3721499999999998,1.3729299999999998,1.3707199999999997,1.3707399999999998,11102
2026-04-14T13:00:00+00:00,1.3707399999999998,1.3718999999999997,1.3700999999999999,1.3714499999999998,13638
2026-04-14T14:00:00+00:00,1.3714499999999998,1.3718399999999997,1.3706699999999998,1.3718099999999998,12034
2026-04-14T15:00:00+00:00,1.3718099999999998,1.3732299999999997,1.37173,1.3728899999999997,12190
2026-04-14T16:00:00+00:00,1.3728899999999997,1.3733399999999998,1.3726199999999997,1.3731699999999998,5875
2026-04-14T17:00:00+00:00,1.3731699999999998,1.3734699999999997,1.3726899999999997,1.3734199999999999,5082
2026-04-14T18:00:00+00:00,1.3734199999999999,1.3747699999999998,1.3732099999999998,1.3746499999999997,6648
2026-04-14T19:00:00+00:00,1.3746499999999997,1.3748499999999997,1.3738199999999998,1.3740499999999998,5323
2026-04-14T20:00:00+00:00,1.3740499999999998,1.3740999999999999,1.3734999999999997,1.3735699999999997,3728
2026-04-14T21:00:00+00:00,1.3735699999999997,1.3737399999999997,1.3731699999999998,1.3736199999999998,658.5134789449035
2026-04-14T22:00:00+00:00,1.3736199999999998,1.3738799999999998,1.3727899999999997,1.3736399999999998,1617
2026-04-14T23:00:00+00:00,1.3736399999999998,1.3739599999999998,1.3735499999999998,1.3736499999999998,4215
2026-04-15T00:00:00+00:00,1.3736499999999998,1.3740699999999997,1.3735299999999997,1.3737499999999998,4555
2026-04-15T01:00:00+00:00,1.3737499999999998,1.3741899999999998,1.3734799999999998,1.3741399999999997,5197
2026-04-15T02:00:00+00:00,1.3741399999999997,1.3752299999999997,1.3740599999999998,1.3748799999999999,3906
2026-04-15T03:00:00+00:00,1.3748799999999999,1.3751099999999998,1.3744699999999999,1.3745699999999998,3099
2026-04-15T04:00:00+00:00,1.3745699999999998,1.3747699999999998,1.3744699999999999,1.3745399999999999,2149
2026-04-15T05:00:00+00:00,1.3745399999999999,1.3746099999999999,1.3739099999999997,1.3741899999999998,3982
2026-04-15T06:00:00+00:00,1.3741899999999998,1.3746499999999997,1.3739099999999997,1.3746199999999997,4872
2026-04-15T07:00:00+00:00,1.3746199999999997,1.3746299999999998,1.3731799999999998,1.3738099999999998,6383
2026-04-15T08:00:00+00:00,1.3738099999999998,1.3740199999999998,1.3730999999999998,1.3736299999999997,4780
2026-04-15T09:00:00+00:00,1.3736299999999997,1.3746599999999998,1.3735099999999998,1.3742899999999998,7152
2026-04-15T10:00:00+00:00,1.3742899999999998,1.3750699999999998,1.3737099999999998,1.3750699999999998,8330
2026-04-15T11:00:00+00:00,1.3750699999999998,1.3758499999999998,1.3745899999999998,1.3755299999999997,6432
2026-04-15T12:00:00+00:00,1.3755299999999997,1.3756099999999998,1.3737399999999997,1.3744399999999999,8172
2026-04-15T13:00:00+00:00,1.3744399999999999,1.3746399999999999,1.3732299999999997,1.3732599999999997,9392
2026-04-15T14:00:00+00:00,1.3732599999999997,1.3732599999999997,1.3709399999999998,1.3718299999999999,12240
2026-04-15T15:00:00+00:00,1.3718299999999999,1.3719699999999997,1.3703699999999999,1.3711399999999998,12180
2026-04-15T16:00:00+00:00,1.3711399999999998,1.3713699999999998,1.3704199999999997,1.3704399999999999,7266
2026-04-15T17:00:00+00:00,1.3704399999999999,1.3707699999999998,1.3701699999999999,1.3702999999999999,4895
2026-04-15T18:00:00+00:00,1.3702999999999999,1.3704299999999998,1.3696899999999999,1.3700299999999999,5748
2026-04-15T19:00:00+00:00,1.3700299999999999,1.3703899999999998,1.3697899999999998,1.3701199999999998,4500
2026-04-15T20:00:00+00:00,1.3701199999999998,1.3712999999999997,1.3700799999999997,1.3710699999999998,3851
2026-04-15T21:00:00+00:00,1.3710699999999998,1.3710699999999998,1.3702499999999997,1.3703899999999998,899.5423612806856
2026-04-15T22:00:00+00:00,1.3703899999999998,1.3710999999999998,1.3703899999999998,1.3704899999999998,1400
2026-04-15T23:00:00+00:00,1.3704899999999998,1.3706399999999996,1.3702099999999997,1.3702699999999997,2138.4954954954956
2026-04-16T00:00:00+00:00,1.3702699999999997,1.3705399999999996,1.3699499999999998,1.3699499999999998,5036
2026-04-16T01:00:00+00:00,1.3699499999999998,1.3705399999999996,1.3697399999999997,1.3699699999999997,6916
2026-04-16T02:00:00+00:00,1.3699699999999997,1.3700099999999997,1.3689999999999998,1.3691099999999996,5923
2026-04-16T03:00:00+00:00,1.3691099999999996,1.3691199999999997,1.3684199999999997,1.3687099999999996,5775
2026-04-16T04:00:00+00:00,1.3687099999999996,1.3690399999999998,1.3686199999999997,1.3689699999999998,3120
2026-04-16T05:00:00+00:00,1.3689699999999998,1.3695599999999997,1.3688799999999997,1.3695099999999998,4489
2026-04-16T06:00:00+00:00,1.3695099999999998,1.3702399999999997,1.3688099999999996,1.3688299999999998,7376
2026-04-16T07:00:00+00:00,1.3688299999999998,1.3698399999999997,1.3685399999999996,1.3696599999999997,8181
2026-04-16T08:00:00+00:00,1.3696599999999997,1.3705499999999997,1.3690899999999997,1.3699399999999997,9332
2026-04-16T09:00:00+00:00,1.3699399999999997,1.3705899999999998,1.3697999999999997,1.3700199999999998,7273
2026-04-16T10:00:00+00:00,1.3700199999999998,1.3709199999999997,1.3699499999999998,1.3704699999999996,6396
2026-04-16T11:00:00+00:00,1.3704699999999996,1.3704899999999998,1.3693499999999996,1.3695199999999996,7007
2026-04-16T12:00:00+00:00,1.3695199999999996,1.3706199999999997,1.3691299999999997,1.3694099999999998,8626
2026-04-16T13:00:00+00:00,1.3694099999999998,1.3696199999999996,1.3682399999999997,1.3687699999999996,12538
2026-04-16T14:00:00+00:00,1.3687699999999996,1.3691299999999997,1.3678499999999998,1.3685699999999996,12418
2026-04-16T15:00:00+00:00,1.3685699999999996,1.3689399999999996,1.3676699999999997,1.3676799999999998,9806
2026-04-16T16:00:00+00:00,1.3676799999999998,1.3682899999999998,1.3672899999999997,1.3673999999999997,8353
2026-04-16T17:00:00+00:00,1.3673999999999997,1.3679899999999998,1.3671999999999997,1.3676799999999998,6479
2026-04-16T18:00:00+00:00,1.3676799999999998,1.3677399999999997,1.3670699999999998,1.3672899999999997,6982
2026-04-16T19:00:00+00:00,1.3672899999999997,1.3675799999999998,1.3666299999999998,1.3675599999999997,4493
2026-04-16T20:00:00+00:00,1.3675599999999997,1.3677699999999997,1.3668999999999998,1.3674299999999997,3543
2026-04-16T21:00:00+00:00,1.3674299999999997,1.3674299999999997,1.3669499999999992,1.3671399999999996,877.0199567018807
2026-04-16T22:00:00+00:00,1.3671399999999996,1.3672399999999996,1.3668399999999994,1.3668399999999994,815.5647346938775
2026-04-16T23:00:00+00:00,1.3668399999999994,1.3671599999999995,1.3668099999999994,1.3671299999999995,1377
2026-04-17T00:00:00+00:00,1.3671299999999995,1.3674099999999996,1.3670099999999994,1.3671099999999994,4101
2026-04-17T01:00:00+00:00,1.3671099999999994,1.3673999999999995,1.3669999999999995,1.3672099999999994,3646
2026-04-17T02:00:00+00:00,1.3672099999999994,1.3672499999999994,1.3667599999999995,1.3668199999999995,1963
2026-04-17T03:00:00+00:00,1.3668199999999995,1.3669699999999996,1.3663399999999994,1.3664599999999996,1879
2026-04-17T04:00:00+00:00,1.3664599999999996,1.3664799999999995,1.3657799999999995,1.3658199999999994,2634
2026-04-17T05:00:00+00:00,1.3658199999999994,1.3658999999999994,1.3651299999999995,1.3653099999999996,3544
2026-04-17T06:00:00+00:00,1.3653099999999996,1.3657299999999994,1.3649099999999994,1.3657099999999995,5257
2026-04-17T07:00:00+00:00,1.3657099999999995,1.3658999999999994,1.3651299999999995,1.3652299999999995,6173
2026-04-17T08:00:00+00:00,1.3652299999999995,1.3652299999999995,1.3640399999999995,1.3643099999999995,4940
2026-04-17T09:00:00+00:00,1.3643099999999995,1.3651399999999996,1.3642199999999995,1.3648099999999994,4970
2026-04-17T10:00:00+00:00,1.3648099999999994,1.3653899999999994,1.3647799999999994,1.3653299999999995,3626
2026-04-17T11:00:00+00:00,1.3653299999999995,1.3653399999999996,1.3640899999999996,1.3642799999999995,4403
2026-04-17T12:00:00+00:00,1.3642799999999995,1.3650399999999994,1.3630599999999995,1.3631299999999995,15215
2026-04-17T13:00:00+00:00,1.3631299999999995,1.3645299999999996,1.3619499999999995,1.3639099999999995,22702
2026-04-17T14:00:00+00:00,1.3639099999999995,1.3643899999999995,1.3620799999999995,1.3636699999999995,16021
2026-04-17T15:00:00+00:00,1.3636699999999995,1.3644599999999996,1.3633099999999996,1.3638599999999994,13229
2026-04-17T16:00:00+00:00,1.3638599999999994,1.3646499999999995,1.3637299999999994,1.3638299999999994,7101
2026-04-17T17:00:00+00:00,1.3638299999999994,1.3650199999999995,1.3638199999999994,1.3641499999999995,9924
2026-04-17T18:00:00+00:00,1.3641499999999995,1.3655899999999994,1.3641199999999996,1.3649599999999995,7271
2026-04-17T19:00:00+00:00,1.3649599999999995,1.3665099999999994,1.3645199999999995,1.3662799999999995,6681
2026-04-17T20:00:00+00:00,1.3662799999999995,1.3663699999999994,1.3650499999999994,1.3660499999999993,4994.607665268171
2026-04-19T21:00:00+00:00,1.3660499999999993,1.3671899999999997,1.3659099999999997,1.3670899999999997,1205.3282092047803
2026-04-19T22:00:00+00:00,1.3670899999999997,1.3687299999999998,1.3670099999999996,1.3681399999999997,3354
2026-04-19T23:00:00+00:00,1.3681399999999997,1.3687499999999997,1.3680199999999998,1.3683899999999998,3749
2026-04-20T00:00:00+00:00,1.3683899999999998,1.3685799999999997,1.3671999999999997,1.3672799999999998,6317
2026-04-20T01:00:00+00:00,1.3672799999999998,1.3679899999999998,1.3672499999999996,1.3678299999999997,6048
2026-04-20T02:00:00+00:00,1.3678299999999997,1.3679199999999998,1.3672699999999998,1.3675299999999997,3783
2026-04-20T03:00:00+00:00,1.3675299999999997,1.3676599999999997,1.3670299999999997,1.3672499999999996,4368
2026-04-20T04:00:00+00:00,1.3672499999999996,1.3672899999999997,1.3670299999999997,1.3672499999999996,2872.2664663363926
2026-04-20T05:00:00+00:00,1.3672499999999996,1.3680699999999997,1.3671799999999996,1.3678199999999998,4871
2026-04-20T06:00:00+00:00,1.3678199999999998,1.3679199999999998,1.3672699999999998,1.3674299999999997,6696
2026-04-20T07:00:00+00:00,1.3674299999999997,1.3674799999999998,1.3665199999999997,1.3671299999999997,8195
2026-04-20T08:00:00+00:00,1.3671299999999997,1.3674499999999998,1.3667299999999998,1.3671099999999998,7242
2026-04-20T09:00:00+00:00,1.3671099999999998,1.3671599999999997,1.3667199999999997,1.3667399999999996,5261
2026-04-20T10:00:00+00:00,1.3667399999999996,1.3673299999999997,1.3665099999999997,1.3669799999999996,4621
2026-04-20T11:00:00+00:00,1.3669799999999996,1.3670099999999996,1.3660699999999997,1.3668199999999997,4963
2026-04-20T12:00:00+00:00,1.3668199999999997,1.3678599999999996,1.3666199999999997,1.3669899999999997,7830
2026-04-20T13:00:00+00:00,1.3669899999999997,1.3676699999999997,1.3651699999999998,1.3656099999999998,10470
2026-04-20T14:00:00+00:00,1.3656099999999998,1.3659699999999997,1.3638699999999997,1.3639499999999998,13671
2026-04-20T15:00:00+00:00,1.3639499999999998,1.3643799999999997,1.3619599999999996,1.3627899999999997,12155
2026-04-20T16:00:00+00:00,1.3627899999999997,1.3627999999999998,1.3617599999999996,1.3622999999999996,5894
2026-04-20T17:00:00+00:00,1.3622999999999996,1.3626199999999997,1.3619099999999997,1.3619199999999998,4836
2026-04-20T18:00:00+00:00,1.3619199999999998,1.3622699999999996,1.3612899999999997,1.3621599999999998,5378
2026-04-20T19:00:00+00:00,1.3621599999999998,1.3625499999999997,1.3617599999999996,1.3624899999999998,4602
2026-04-20T20:00:00+00:00,1.3624899999999998,1.3628699999999998,1.3620399999999997,1.3620399999999997,3485
2026-04-20T21:00:00+00:00,1.3620399999999997,1.3628599999999995,1.3614799999999996,1.3623399999999994,1614.0094967616583
2026-04-20T22:00:00+00:00,1.3623399999999994,1.3624499999999995,1.3615799999999996,1.3615799999999996,1371
2026-04-20T23:00:00+00:00,1.3615799999999996,1.3622899999999996,1.3615699999999995,1.3621999999999996,2064
2026-04-21T00:00:00+00:00,1.3621999999999996,1.3623299999999996,1.3618099999999995,1.3620099999999995,5651
2026-04-21T01:00:00+00:00,1.3620099999999995,1.3622899999999996,1.3618199999999996,1.3620499999999995,4297
2026-04-21T02:00:00+00:00,1.3620499999999995,1.3624899999999995,1.3620199999999996,1.3623499999999995,3364
2026-04-21T03:00:00+00:00,1.3623499999999995,1.3628299999999995,1.3622499999999995,1.3625199999999995,3059
2026-04-21T04:00:00+00:00,1.3625199999999995,1.3625899999999995,1.3623899999999995,1.3625199999999995,2329
2026-04-21T05:00:00+00:00,1.3625199999999995,1.3626299999999996,1.3620399999999995,1.3625999999999996,3844
2026-04-21T06:00:00+00:00,1.3625999999999996,1.3629199999999995,1.3622499999999995,1.3624699999999996,5172
2026-04-21T07:00:00+00:00,1.3624699999999996,1.3632999999999995,1.3620799999999995,1.3632999999999995,6254
2026-04-21T08:00:00+00:00,1.3632999999999995,1.3640999999999996,1.3630999999999995,1.3635099999999996,7525
2026-04-21T09:00:00+00:00,1.3635099999999996,1.3639599999999996,1.3632899999999994,1.3637899999999996,4558
2026-04-21T10:00:00+00:00,1.3637899999999996,1.3638299999999997,1.3630799999999996,1.3637099999999995,4439
2026-04-21T11:00:00+00:00,1.3637099999999995,1.3637999999999995,1.3631099999999996,1.3632499999999996,5295
2026-04-21T12:00:00+00:00,1.3632499999999996,1.3636799999999996,1.3628199999999995,1.3628399999999996,6174
2026-04-21T13:00:00+00:00,1.3628399999999996,1.3630599999999995,1.3614199999999996,1.3616099999999995,8545
2026-04-21T14:00:00+00:00,1.3616099999999995,1.3627499999999995,1.3608299999999995,1.3626599999999995,11557
2026-04-21T15:00:00+00:00,1.3626599999999995,1.3630699999999996,1.3616199999999996,1.3620799999999995,11213
2026-04-21T16:00:00+00:00,1.3620799999999995,1.3636399999999995,1.3617199999999996,1.3636299999999995,8060
2026-04-21T17:00:00+00:00,1.3636299999999995,1.3654199999999996,1.3626499999999995,1.3637499999999996,14315
2026-04-21T18:00:00+00:00,1.3637499999999996,1.3646099999999997,1.3634799999999996,1.3636599999999997,10638
2026-04-21T19:00:00+00:00,1.3636599999999997,1.3652699999999995,1.3631899999999995,1.3649199999999995,13630
2026-04-21T20:00:00+00:00,1.3649199999999995,1.3650199999999995,1.3627999999999996,1.3639699999999995,11500
2026-04-21T21:00:00+00:00,1.3639699999999995,1.3641899999999996,1.3636499999999996,1.3637499999999996,791.6296873442025
2026-04-21T22:00:00+00:00,1.3637499999999996,1.3641799999999995,1.3637499999999996,1.3640399999999997,1443
2026-04-21T23:00:00+00:00,1.3640399999999997,1.3641199999999996,1.3634699999999995,1.3636099999999995,2152
2026-04-22T00:00:00+00:00,1.3636099999999995,1.3636199999999996,1.3631699999999995,1.3633899999999997,5384
2026-04-22T01:00:00+00:00,1.3633899999999997,1.3641099999999995,1.3633599999999997,1.3637099999999995,4516
2026-04-22T02:00:00+00:00,1.3637099999999995,1.3637899999999996,1.3633799999999996,1.3637299999999997,3595
2026-04-22T03:00:00+00:00,1.3637299999999997,1.3639199999999996,1.3634599999999997,1.3637699999999995,3338
2026-04-22T04:00:00+00:00,1.3637699999999995,1.3638699999999997,1.3633599999999997,1.3634399999999995,2833
2026-04-22T05:00:00+00:00,1.3634399999999995,1.3634999999999995,1.3623299999999996,1.3628199999999997,6209
2026-04-22T06:00:00+00:00,1.3628199999999997,1.3638599999999996,1.3627499999999997,1.3632899999999997,5308
2026-04-22T07:00:00+00:00,1.3632899999999997,1.3636699999999995,1.3629299999999995,1.3629999999999995,5681
2026-04-22T08:00:00+00:00,1.3629999999999995,1.3630099999999996,1.3620799999999995,1.3624599999999996,5497
2026-04-22T09:00:00+00:00,1.3624599999999996,1.3632499999999996,1.3622299999999996,1.3630999999999995,5323
2026-04-22T10:00:00+00:00,1.3630999999999995,1.3633999999999995,1.3628899999999995,1.3631299999999995,4978
2026-04-22T11:00:00+00:00,1.3631299999999995,1.3643099999999997,1.3631099999999996,1.3641499999999995,4940
2026-04-22T12:00:00+00:00,1.3641499999999995,1.3649999999999995,1.3639299999999996,1.3645699999999996,7887
2026-04-22T13:00:00+00:00,1.3645699999999996,1.3647099999999996,1.3626799999999997,1.3628299999999995,12150
2026-04-22T14:00:00+00:00,1.3628299999999995,1.3644799999999997,1.3623799999999995,1.3643499999999995,10281
2026-04-22T15:00:00+00:00,1.3643499999999995,1.3645999999999996,1.3635199999999996,1.3638799999999995,7772
2026-04-22T16:00:00+00:00,1.3638799999999995,1.3641299999999996,1.3633999999999995,1.3635299999999997,6899
2026-04-22T17:00:00+00:00,1.3635299999999997,1.3640499999999995,1.3632099999999996,1.3640499999999995,5634
2026-04-22T18:00:00+00:00,1.3640499999999995,1.3645499999999995,1.3639999999999997,1.3643299999999996,4236
2026-04-22T19:00:00+00:00,1.3643299999999996,1.3651399999999996,1.3638999999999997,1.3649999999999995,4712
2026-04-22T20:00:00+00:00,1.3649999999999995,1.3652399999999996,1.3646799999999997,1.3648399999999996,4477
2026-04-22T21:00:00+00:00,1.3648399999999996,1.3651599999999997,1.3640399999999997,1.3641099999999997,1652.1048113851139
2026-04-22T22:00:00+00:00,1.3641099999999997,1.36472,1.3641099999999997,1.3645399999999999,1055.788039538615
2026-04-22T23:00:00+00:00,1.3645399999999999,1.36476,1.36443,1.36458,1997.8124719605203
2026-04-23T00:00:00+00:00,1.36458,1.36554,1.36397,1.36414,14867
2026-04-23T01:00:00+00:00,1.36414,1.36446,1.36407,1.36428,8024
2026-04-23T02:00:00+00:00,1.36428,1.36504,1.36421,1.36485,8935
2026-04-23T03:00:00+00:00,1.36485,1.36523,1.3646099999999999,1.36516,6913
2026-04-23T04:00:00+00:00,1.36516,1.36524,1.36465,1.36472,2949
2026-04-23T05:00:00+00:00,1.36472,1.36501,1.36438,1.36449,3750
2026-04-23T06:00:00+00:00,1.36449,1.3648099999999999,1.36421,1.3646099999999999,5880
2026-04-23T07:00:00+00:00,1.3646099999999999,1.36502,1.36414,1.3643,7271
2026-04-23T08:00:00+00:00,1.3643,1.36442,1.36361,1.36396,5220
2026-04-23T09:00:00+00:00,1.36396,1.36474,1.36382,1.36433,5214
2026-04-23T10:00:00+00:00,1.36433,1.36561,1.36431,1.3654199999999999,5442
2026-04-23T11:00:00+00:00,1.3654199999999999,1.36557,1.36396,1.36435,7640
2026-04-23T12:00:00+00:00,1.36435,1.36604,1.36415,1.3655899999999999,10714
2026-04-23T13:00:00+00:00,1.3655899999999999,1.36638,1.36527,1.36589,9544
2026-04-23T14:00:00+00:00,1.36589,1.36632,1.36429,1.36527,11387
2026-04-23T15:00:00+00:00,1.36527,1.36652,1.36506,1.3659,9775
2026-04-23T16:00:00+00:00,1.3659,1.36711,1.3658299999999999,1.36694,7519
2026-04-23T17:00:00+00:00,1.36694,1.36903,1.36683,1.36713,23384
2026-04-23T18:00:00+00:00,1.36713,1.36725,1.3663399999999999,1.36708,12558
2026-04-23T19:00:00+00:00,1.36708,1.3676,1.3669,1.36706,7731
2026-04-23T20:00:00+00:00,1.36706,1.3677099999999998,1.36702,1.3675799999999998,3898.8844501034537
2026-04-23T21:00:00+00:00,1.3675799999999998,1.36824,1.3663699999999999,1.3668799999999999,1156
2026-04-23T22:00:00+00:00,1.3668799999999999,1.3676599999999999,1.3668799999999999,1.3672999999999997,1004
2026-04-23T23:00:00+00:00,1.3672999999999997,1.3676399999999997,1.3672199999999999,1.3674899999999999,2052
2026-04-24T00:00:00+00:00,1.3674899999999999,1.3676399999999997,1.3672299999999997,1.3674099999999998,5637
2026-04-24T01:00:00+00:00,1.3674099999999998,1.3676199999999998,1.3672499999999999,1.3673899999999999,4531
2026-04-24T02:00:00+00:00,1.3673899999999999,1.3684699999999999,1.36736,1.3683499999999997,4314
2026-04-24T03:00:00+00:00,1.3683499999999997,1.3690399999999998,1.3682699999999999,1.3686299999999998,4380
2026-04-24T04:00:00+00:00,1.3686299999999998,1.3688399999999998,1.3684499999999997,1.3685699999999998,3875
2026-04-24T05:00:00+00:00,1.3685699999999998,1.3687699999999998,1.3679599999999998,1.3680999999999999,3910
2026-04-24T06:00:00+00:00,1.3680999999999999,1.3688299999999998,1.3680499999999998,1.3685699999999998,5226
2026-04-24T07:00:00+00:00,1.3685699999999998,1.3689599999999997,1.3672999999999997,1.3673499999999998,6132
2026-04-24T08:00:00+00:00,1.3673499999999998,1.3678,1.3662699999999999,1.3665199999999997,6436
2026-04-24T09:00:00+00:00,1.3665199999999997,1.3667899999999997,1.3662699999999999,1.3664599999999998,5620
2026-04-24T10:00:00+00:00,1.3664599999999998,1.3667699999999998,1.3657199999999998,1.3657699999999997,5520
2026-04-24T11:00:00+00:00,1.3657699999999997,1.36668,1.3654799999999998,1.3655999999999997,10095
2026-04-24T12:00:00+00:00,1.3655999999999997,1.3662099999999997,1.3654099999999998,1.3657299999999999,7832
2026-04-24T13:00:00+00:00,1.3657299999999999,1.3673799999999998,1.3657,1.3667699999999998,10518
2026-04-24T14:00:00+00:00,1.3667699999999998,1.3675399999999998,1.3658499999999998,1.3661599999999998,13388
2026-04-24T15:00:00+00:00,1.3661599999999998,1.3662999999999998,1.3651099999999998,1.3651999999999997,9893
2026-04-24T16:00:00+00:00,1.3651999999999997,1.3656899999999998,1.3648699999999998,1.3649899999999997,5985
2026-04-24T17:00:00+00:00,1.3649899999999997,1.3650299999999997,1.3642999999999998,1.3645499999999997,6139
2026-04-24T18:00:00+00:00,1.3645499999999997,1.3649499999999999,1.3639199999999998,1.3642499999999997,4384
2026-04-24T19:00:00+00:00,1.3642499999999997,1.3643199999999998,1.3639,1.3641599999999998,3179
2026-04-24T20:00:00+00:00,1.3641599999999998,1.3647199999999997,1.3638599999999999,1.3640999999999999,3497.022954860576
2026-04-26T21:00:00+00:00,1.3640999999999999,1.3640999999999999,1.3622200000000002,1.3630700000000002,1411.1132874503694
2026-04-26T22:00:00+00:00,1.3630700000000002,1.3639800000000002,1.36281,1.36359,1683
2026-04-26T23:00:00+00:00,1.36359,1.3637100000000002,1.36345,1.36367,1458.288928418935
2026-04-27T00:00:00+00:00,1.36367,1.36372,1.36273,1.36283,2444
2026-04-27T01:00:00+00:00,1.36283,1.36283,1.362,1.36212,7407
2026-04-27T02:00:00+00:00,1.36212,1.36271,1.36198,1.36223,3841
2026-04-27T03:00:00+00:00,1.36223,1.36232,1.36196,1.36217,3414
2026-04-27T04:00:00+00:00,1.36217,1.3624,1.3619700000000001,1.36226,2806
2026-04-27T05:00:00+00:00,1.36226,1.36259,1.3621400000000001,1.36228,3046
2026-04-27T06:00:00+00:00,1.36228,1.3624,1.36148,1.36148,4501
2026-04-27T07:00:00+00:00,1.36148,1.36149,1.35931,1.35947,5695
2026-04-27T08:00:00+00:00,1.35947,1.35955,1.3569,1.35755,7501
2026-04-27T09:00:00+00:00,1.35755,1.35764,1.35669,1.35673,5540
2026-04-27T10:00:00+00:00,1.35673,1.35711,1.3565,1.35672,5273
2026-04-27T11:00:00+00:00,1.35672,1.35748,1.35643,1.35686,5414
2026-04-27T12:00:00+00:00,1.35686,1.35689,1.3556,1.35612,8097
2026-04-27T13:00:00+00:00,1.35612,1.35703,1.35572,1.3568,8394
2026-04-27T14:00:00+00:00,1.3568,1.35805,1.3559700000000001,1.35733,9726
2026-04-27T15:00:00+00:00,1.35733,1.35809,1.3573,1.35748,8796
2026-04-27T16:00:00+00:00,1.35748,1.35782,1.35732,1.35761,5341
2026-04-27T17:00:00+00:00,1.35761,1.35823,1.3575300000000001,1.35794,5216
2026-04-27T18:00:00+00:00,1.35794,1.35864,1.35735,1.3585800000000001,4099
2026-04-27T19:00:00+00:00,1.3585800000000001,1.35937,1.35834,1.35927,4369
2026-04-27T20:00:00+00:00,1.35927,1.35948,1.3582,1.35846,2718
2026-04-27T21:00:00+00:00,1.35846,1.35847,1.3576700000000002,1.3579000000000003,739.8585466226228
2026-04-27T22:00:00+00:00,1.3579000000000003,1.3586100000000003,1.3578700000000004,1.3581500000000002,1080
2026-04-27T23:00:00+00:00,1.3581500000000002,1.3583000000000003,1.3580100000000002,1.3580200000000002,1758
2026-04-28T00:00:00+00:00,1.3580200000000002,1.3583400000000003,1.3571000000000002,1.3583400000000003,5147
2026-04-28T01:00:00+00:00,1.3583400000000003,1.3594600000000003,1.3582900000000002,1.3594000000000002,5192
2026-04-28T02:00:00+00:00,1.3594000000000002,1.3598900000000003,1.3593300000000004,1.3596900000000003,4583
2026-04-28T03:00:00+00:00,1.3596900000000003,1.3597500000000002,1.3590000000000002,1.3590200000000003,4954
2026-04-28T04:00:00+00:00,1.3590200000000003,1.3593500000000003,1.3589200000000003,1.3591600000000004,3769
2026-04-28T05:00:00+00:00,1.3591600000000004,1.3596900000000003,1.3590900000000004,1.3595900000000003,5436
2026-04-28T06:00:00+00:00,1.3595900000000003,1.3606200000000002,1.3591500000000003,1.3605400000000003,8083
2026-04-28T07:00:00+00:00,1.3605400000000003,1.3605600000000002,1.3588500000000003,1.3597000000000004,8685
2026-04-28T08:00:00+00:00,1.3597000000000004,1.3606800000000003,1.3595800000000002,1.3605300000000002,7851
2026-04-28T09:00:00+00:00,1.3605300000000002,1.3616000000000004,1.3603400000000003,1.3612700000000002,7455
2026-04-28T10:00:00+00:00,1.3612700000000002,1.3624900000000002,1.3609900000000004,1.3623400000000003,6932
2026-04-28T11:00:00+00:00,1.3623400000000003,1.3632700000000002,1.3618400000000002,1.3631500000000003,8433
2026-04-28T12:00:00+00:00,1.3631500000000003,1.3638000000000003,1.3626400000000003,1.3633100000000002,11854
2026-04-28T13:00:00+00:00,1.3633100000000002,1.3637500000000002,1.3622000000000003,1.3623900000000002,11826
2026-04-28T14:00:00+00:00,1.3623900000000002,1.3650000000000002,1.3622700000000003,1.3648200000000004,15663
2026-04-28T15:00:00+00:00,1.3648200000000004,1.3648600000000002,1.3629900000000004,1.3630200000000003,9103
2026-04-28T16:00:00+00:00,1.3630200000000003,1.3643000000000003,1.3629400000000003,1.3639600000000003,7134
2026-04-28T17:00:00+00:00,1.3639600000000003,1.3642300000000003,1.3632500000000003,1.3635600000000003,6505
2026-04-28T18:00:00+00:00,1.3635600000000003,1.3644400000000003,1.3633400000000002,1.3642900000000002,5319
2026-04-28T19:00:00+00:00,1.3642900000000002,1.3645400000000003,1.3639100000000002,1.3643500000000002,4569
2026-04-28T20:00:00+00:00,1.3643500000000002,1.3646300000000002,1.3637800000000002,1.3641600000000003,3761
2026-04-28T21:00:00+00:00,1.3641600000000003,1.3641600000000003,1.3625000000000003,1.3630100000000003,733.893325005726
2026-04-28T22:00:00+00:00,1.3630100000000003,1.3640900000000005,1.3630100000000003,1.3639400000000004,889.3893768297784
2026-04-28T23:00:00+00:00,1.3639400000000004,1.3641000000000005,1.3638300000000003,1.3638500000000005,1520
2026-04-29T00:00:00+00:00,1.3638500000000005,1.3639300000000005,1.3634600000000003,1.3639100000000004,3781
2026-04-29T01:00:00+00:00,1.3639100000000004,1.3647600000000004,1.3638000000000003,1.3641200000000004,8023
2026-04-29T02:00:00+00:00,1.3641200000000004,1.3644700000000005,1.3636900000000005,1.3642900000000004,4555
2026-04-29T03:00:00+00:00,1.3642900000000004,1.3646800000000003,1.3640100000000004,1.3644600000000005,3385
2026-04-29T04:00:00+00:00,1.3644600000000005,1.3645700000000005,1.3642500000000004,1.3644000000000005,3062
2026-04-29T05:00:00+00:00,1.3644000000000005,1.3649300000000004,1.3643800000000004,1.3647600000000004,3517
2026-04-29T06:00:00+00:00,1.3647600000000004,1.3650500000000003,1.3644600000000005,1.3647300000000004,5528
2026-04-29T07:00:00+00:00,1.3647300000000004,1.3647800000000003,1.3636100000000004,1.3638200000000005,7362
2026-04-29T08:00:00+00:00,1.3638200000000005,1.3643000000000005,1.3634300000000004,1.3642900000000004,7240
2026-04-29T09:00:00+00:00,1.3642900000000004,1.3650100000000005,1.3640000000000003,1.3650000000000004,5141
2026-04-29T10:00:00+00:00,1.3650000000000004,1.3651400000000005,1.3641800000000004,1.3641900000000005,5241
2026-04-29T11:00:00+00:00,1.3641900000000005,1.3644000000000005,1.3635400000000004,1.3638000000000003,5546
2026-04-29T12:00:00+00:00,1.3638000000000003,1.3638200000000005,1.3631200000000003,1.3635200000000005,6551
2026-04-29T13:00:00+00:00,1.3635200000000005,1.3668900000000004,1.3629800000000005,1.3656600000000003,14491
2026-04-29T14:00:00+00:00,1.3656600000000003,1.3663300000000005,1.3631500000000005,1.3635700000000004,14679
2026-04-29T15:00:00+00:00,1.3635700000000004,1.3642300000000005,1.3627900000000004,1.3631300000000004,13383
2026-04-29T16:00:00+00:00,1.3631300000000004,1.3635200000000005,1.3625600000000004,1.3633900000000003,8731
2026-04-29T17:00:00+00:00,1.3633900000000003,1.3641200000000004,1.3631000000000004,1.3631000000000004,8163
2026-04-29T18:00:00+00:00,1.3631000000000004,1.3650100000000005,1.3631000000000004,1.3644700000000005,16276
2026-04-29T19:00:00+00:00,1.3644700000000005,1.3647700000000005,1.3638100000000004,1.3641000000000005,9642
2026-04-29T20:00:00+00:00,1.3641000000000005,1.3645200000000004,1.3636000000000004,1.3641800000000004,7833
2026-04-29T21:00:00+00:00,1.3641800000000004,1.3643900000000004,1.3632600000000008,1.3639500000000009,2544.6006647655045
2026-04-29T22:00:00+00:00,1.3639500000000009,1.364290000000001,1.363560000000001,1.3640300000000007,1916.1557332685907
2026-04-29T23:00:00+00:00,1.3640300000000007,1.3640300000000007,1.362970000000001,1.3630500000000008,3373.974643423138
2026-04-30T00:00:00+00:00,1.3630500000000008,1.3634300000000008,1.3625600000000009,1.3634000000000008,6878
2026-04-30T01:00:00+00:00,1.3634000000000008,1.3638100000000009,1.3632600000000008,1.3634900000000008,6395
2026-04-30T02:00:00+00:00,1.3634900000000008,1.364260000000001,1.3633900000000008,1.363920000000001,7579
2026-04-30T03:00:00+00:00,1.363920000000001,1.3639500000000009,1.363480000000001,1.3637100000000009,5368
2026-04-30T04:00:00+00:00,1.3637100000000009,1.364740000000001,1.3636700000000008,1.364430000000001,6911
2026-04-30T05:00:00+00:00,1.364430000000001,1.364570000000001,1.3637600000000007,1.3645100000000008,5579
2026-04-30T06:00:00+00:00,1.3645100000000008,1.3647200000000008,1.363650000000001,1.3638700000000008,7408
2026-04-30T07:00:00+00:00,1.3638700000000008,1.363960000000001,1.3624100000000008,1.3627600000000009,7650
2026-04-30T08:00:00+00:00,1.3627600000000009,1.3633000000000008,1.362260000000001,1.3629600000000008,10223
2026-04-30T09:00:00+00:00,1.3629600000000008,1.3630800000000007,1.3620500000000009,1.3622100000000008,9147
2026-04-30T10:00:00+00:00,1.3622100000000008,1.3627100000000008,1.3610500000000008,1.3611900000000008,13516
2026-04-30T11:00:00+00:00,1.3611900000000008,1.362460000000001,1.3605800000000008,1.3621000000000008,13243
2026-04-30T12:00:00+00:00,1.3621000000000008,1.3635000000000008,1.3618400000000008,1.362970000000001,12310
2026-04-30T13:00:00+00:00,1.362970000000001,1.3630000000000009,1.3618000000000008,1.3620500000000009,13079
2026-04-30T14:00:00+00:00,1.3620500000000009,1.362060000000001,1.3568500000000008,1.3570700000000009,22339
2026-04-30T15:00:00+00:00,1.3570700000000009,1.3576100000000009,1.3562100000000008,1.3569800000000007,16445
2026-04-30T16:00:00+00:00,1.3569800000000007,1.357210000000001,1.3564100000000008,1.3570900000000008,7455
2026-04-30T17:00:00+00:00,1.3570900000000008,1.357410000000001,1.3566400000000007,1.3569900000000008,6937
2026-04-30T18:00:00+00:00,1.3569900000000008,1.3569900000000008,1.3543800000000008,1.3544600000000009,6766
2026-04-30T19:00:00+00:00,1.3544600000000009,1.3548800000000008,1.3539100000000008,1.3542200000000009,8489
2026-04-30T20:00:00+00:00,1.3542200000000009,1.3544100000000008,1.3538500000000009,1.3539400000000008,4873
2026-04-30T21:00:00+00:00,1.3539400000000008,1.3542900000000009,1.3533300000000008,1.3541700000000008,2236.283136094675
2026-04-30T22:00:00+00:00,1.3541700000000008,1.3543100000000008,1.353820000000001,1.3539400000000008,1514
2026-04-30T23:00:00+00:00,1.3539400000000008,1.3540800000000008,1.353480000000001,1.3538700000000008,2756
2026-05-01T00:00:00+00:00,1.3538700000000008,1.3540100000000008,1.3530700000000009,1.3537800000000009,6553
2026-05-01T01:00:00+00:00,1.3537800000000009,1.3541400000000008,1.3534300000000008,1.3534900000000007,6102
2026-05-01T02:00:00+00:00,1.3534900000000007,1.353720000000001,1.3531300000000008,1.3534000000000008,3896
2026-05-01T03:00:00+00:00,1.3534000000000008,1.3539100000000008,1.3531200000000008,1.3538400000000008,3414
2026-05-01T04:00:00+00:00,1.3538400000000008,1.3545400000000007,1.3538400000000008,1.3545100000000008,3168
2026-05-01T05:00:00+00:00,1.3545100000000008,1.3546600000000009,1.354360000000001,1.3544400000000008,3893
2026-05-01T06:00:00+00:00,1.3544400000000008,1.3546100000000008,1.3528900000000008,1.3536700000000008,8686
2026-05-01T07:00:00+00:00,1.3536700000000008,1.3540800000000008,1.353410000000001,1.353650000000001,8903
2026-05-01T08:00:00+00:00,1.353650000000001,1.3540800000000008,1.3530200000000008,1.3531200000000008,6842
2026-05-01T09:00:00+00:00,1.3531200000000008,1.3539000000000008,1.3528800000000007,1.3537600000000007,5227
2026-05-01T10:00:00+00:00,1.3537600000000007,1.353890000000001,1.3527500000000008,1.352970000000001,4815
2026-05-01T11:00:00+00:00,1.352970000000001,1.352970000000001,1.3520200000000009,1.3526500000000008,5382
2026-05-01T12:00:00+00:00,1.3526500000000008,1.3528300000000009,1.350840000000001,1.352260000000001,10359
2026-05-01T13:00:00+00:00,1.352260000000001,1.3530600000000008,1.3512600000000008,1.3521100000000008,10679
2026-05-01T14:00:00+00:00,1.3521100000000008,1.3535400000000009,1.3518100000000008,1.3532200000000008,14805
2026-05-01T15:00:00+00:00,1.3532200000000008,1.3538800000000009,1.352500000000001,1.3533200000000007,10316
2026-05-01T16:00:00+00:00,1.3533200000000007,1.354670000000001,1.3532200000000008,1.3546500000000008,8267
2026-05-01T17:00:00+00:00,1.3546500000000008,1.3547800000000008,1.3542700000000008,1.3545400000000007,4821
2026-05-01T18:00:00+00:00,1.3545400000000007,1.355190000000001,1.354360000000001,1.354370000000001,4921.845701977678
2026-05-01T19:00:00+00:00,1.354370000000001,1.355010000000001,1.354240000000001,1.355000000000001,3641
2026-05-01T20:00:00+00:00,1.355000000000001,1.355170000000001,1.354380000000001,1.3544000000000012,3871.15998726047
2026-05-03T21:00:00+00:00,1.3544000000000012,1.3547400000000014,1.3539900000000011,1.3546400000000014,308.92159631786564
2026-05-03T22:00:00+00:00,1.3546400000000014,1.3549200000000015,1.3534900000000014,1.3546400000000014,1252
2026-05-03T23:00:00+00:00,1.3546400000000014,1.3550400000000014,1.3545200000000013,1.3549200000000015,2285
2026-05-04T00:00:00+00:00,1.3549200000000015,1.3550600000000013,1.3543300000000014,1.3549300000000013,5887
2026-05-04T01:00:00+00:00,1.3549300000000013,1.3556700000000013,1.3549100000000014,1.3550900000000015,5825
2026-05-04T02:00:00+00:00,1.3550900000000015,1.3556100000000013,1.3549400000000014,1.3551500000000014,4844
2026-05-04T03:00:00+00:00,1.3551500000000014,1.3554700000000013,1.3545100000000014,1.3546500000000015,6683
2026-05-04T04:00:00+00:00,1.3546500000000015,1.3551900000000014,1.3545700000000014,1.3551100000000014,4198
2026-05-04T05:00:00+00:00,1.3551100000000014,1.3553000000000013,1.3549000000000013,1.3550900000000015,4648
2026-05-04T06:00:00+00:00,1.3550900000000015,1.3559800000000013,1.3550300000000013,1.3557100000000013,6022
2026-05-04T07:00:00+00:00,1.3557100000000013,1.3568200000000015,1.3557000000000015,1.3566300000000013,6931
2026-05-04T08:00:00+00:00,1.3566300000000013,1.3568700000000014,1.3561600000000014,1.3562600000000014,5511
2026-05-04T09:00:00+00:00,1.3562600000000014,1.3566100000000014,1.3559000000000014,1.3565200000000013,5074
2026-05-04T10:00:00+00:00,1.3565200000000013,1.3580500000000013,1.3562600000000014,1.3564700000000014,13853
2026-05-04T11:00:00+00:00,1.3564700000000014,1.3579300000000014,1.3562300000000014,1.3577800000000013,6466
2026-05-04T12:00:00+00:00,1.3577800000000013,1.3578700000000015,1.3568900000000013,1.3578100000000013,7900
2026-05-04T13:00:00+00:00,1.3578100000000013,1.3580600000000014,1.3569300000000013,1.3569800000000014,10615
2026-05-04T14:00:00+00:00,1.3569800000000014,1.3572500000000014,1.3563800000000015,1.3568900000000013,10037
2026-05-04T15:00:00+00:00,1.3568900000000013,1.3577500000000013,1.3562000000000014,1.3571000000000013,15802
2026-05-04T16:00:00+00:00,1.3571000000000013,1.3578800000000013,1.3569300000000013,1.3577000000000015,12237
2026-05-04T17:00:00+00:00,1.3577000000000015,1.3577100000000013,1.3569900000000015,1.3572400000000013,7401
2026-05-04T18:00:00+00:00,1.3572400000000013,1.3572400000000013,1.3564800000000015,1.3565200000000013,6140
2026-05-04T19:00:00+00:00,1.3565200000000013,1.3575000000000013,1.3564900000000013,1.3574300000000015,5585
2026-05-04T20:00:00+00:00,1.3574300000000015,1.3587300000000013,1.3574300000000015,1.3585100000000014,3648
2026-05-04T21:00:00+00:00,1.3585100000000014,1.3585100000000014,1.3577300000000014,1.3579000000000014,1183.5272584984145
2026-05-04T22:00:00+00:00,1.3579000000000014,1.3586900000000013,1.3578400000000013,1.3585400000000014,1231
2026-05-04T23:00:00+00:00,1.3585400000000014,1.3585600000000013,1.3581200000000013,1.3581900000000013,1948
2026-05-05T00:00:00+00:00,1.3581900000000013,1.3588200000000015,1.3578900000000014,1.3587000000000014,4409
2026-05-05T01:00:00+00:00,1.3587000000000014,1.3589200000000015,1.3581500000000013,1.3583000000000014,4302
2026-05-05T02:00:00+00:00,1.3583000000000014,1.3583500000000013,1.3580100000000013,1.3583400000000014,2824
2026-05-05T03:00:00+00:00,1.3583400000000014,1.3585800000000015,1.3581400000000015,1.3585400000000014,2909
2026-05-05T04:00:00+00:00,1.3585400000000014,1.3589400000000014,1.3581900000000013,1.3589100000000014,4163
2026-05-05T05:00:00+00:00,1.3589100000000014,1.3591100000000014,1.3584900000000013,1.3585800000000015,4570
2026-05-05T06:00:00+00:00,1.3585800000000015,1.3587400000000014,1.3577800000000013,1.3579900000000014,6095
2026-05-05T07:00:00+00:00,1.3579900000000014,1.3582700000000014,1.3573900000000014,1.3580700000000014,7830
2026-05-05T08:00:00+00:00,1.3580700000000014,1.3581200000000013,1.3572800000000014,1.3578300000000014,6700
2026-05-05T09:00:00+00:00,1.3578300000000014,1.3581500000000013,1.3571700000000013,1.3572600000000015,7202
2026-05-05T10:00:00+00:00,1.3572600000000015,1.3575400000000013,1.3565200000000013,1.3573300000000015,5509
2026-05-05T11:00:00+00:00,1.3573300000000015,1.3580700000000014,1.3569000000000013,1.3574200000000014,6168
2026-05-05T12:00:00+00:00,1.3574200000000014,1.3588300000000013,1.3573200000000014,1.3583700000000014,8274
2026-05-05T13:00:00+00:00,1.3583700000000014,1.3583800000000015,1.3569300000000013,1.3572800000000014,8774
2026-05-05T14:00:00+00:00,1.3572800000000014,1.3579400000000015,1.3567900000000013,1.3578700000000015,11919
2026-05-05T15:00:00+00:00,1.3578700000000015,1.3581900000000013,1.3567900000000013,1.3570500000000014,8020
2026-05-05T16:00:00+00:00,1.3570500000000014,1.3582900000000013,1.3567500000000015,1.3581200000000013,5762
2026-05-05T17:00:00+00:00,1.3581200000000013,1.3587600000000013,1.3579000000000014,1.3580100000000013,5795
2026-05-05T18:00:00+00:00,1.3580100000000013,1.3581200000000013,1.3577300000000014,1.3578000000000015,3472
2026-05-05T19:00:00+00:00,1.3578000000000015,1.3585800000000015,1.3577500000000013,1.3584800000000015,4138
2026-05-05T20:00:00+00:00,1.3584800000000015,1.3586000000000014,1.3578600000000014,1.3579900000000014,3853
2026-05-05T21:00:00+00:00,1.3579900000000014,1.3581700000000014,1.3571100000000014,1.3571600000000015,2876.615970459266
2026-05-05T22:00:00+00:00,1.3571600000000015,1.3582900000000016,1.3569900000000015,1.3571200000000014,2488
2026-05-05T23:00:00+00:00,1.3571200000000014,1.3572600000000015,1.3557300000000014,1.3565600000000015,5389
2026-05-06T00:00:00+00:00,1.3565600000000015,1.3569300000000015,1.3558000000000014,1.3558600000000014,9525
2026-05-06T01:00:00+00:00,1.3558600000000014,1.3562000000000014,1.3556600000000014,1.3558900000000016,7385
2026-05-06T02:00:00+00:00,1.3558900000000016,1.3564700000000014,1.3557400000000015,1.3562600000000016,4545
2026-05-06T03:00:00+00:00,1.3562600000000016,1.3563300000000016,1.3558300000000014,1.3561500000000015,5255
2026-05-06T04:00:00+00:00,1.3561500000000015,1.3562300000000016,1.3544500000000015,1.3548500000000014,9276
2026-05-06T05:00:00+00:00,1.3548500000000014,1.3554500000000016,1.3546500000000015,1.3550600000000015,7322
2026-05-06T06:00:00+00:00,1.3550600000000015,1.3560500000000015,1.3547000000000016,1.3548200000000015,7439
2026-05-06T07:00:00+00:00,1.3548200000000015,1.3558500000000016,1.3544200000000015,1.3553200000000014,8686
2026-05-06T08:00:00+00:00,1.3553200000000014,1.3559100000000015,1.3539200000000016,1.3546400000000014,11258
2026-05-06T09:00:00+00:00,1.3546400000000014,1.3557500000000016,1.3544500000000015,1.3552200000000014,8509
2026-05-06T10:00:00+00:00,1.3552200000000014,1.3564000000000016,1.3544200000000015,1.3550400000000016,10948
2026-05-06T11:00:00+00:00,1.3550400000000016,1.3566300000000016,1.3550300000000015,1.3557300000000014,10832
2026-05-06T12:00:00+00:00,1.3557300000000014,1.3574900000000014,1.3556500000000016,1.3572200000000014,13021
2026-05-06T13:00:00+00:00,1.3572200000000014,1.3579900000000016,1.3568200000000015,1.3579600000000016,12385
2026-05-06T14:00:00+00:00,1.3579600000000016,1.3585300000000016,1.3573800000000016,1.3577500000000016,14212
2026-05-06T15:00:00+00:00,1.3577500000000016,1.3587000000000016,1.3576800000000016,1.3584000000000016,10376
2026-05-06T16:00:00+00:00,1.3584000000000016,1.3597100000000015,1.3583800000000015,1.3596000000000015,7995
2026-05-06T17:00:00+00:00,1.3596000000000015,1.3602700000000014,1.3594000000000015,1.3599700000000015,5884
2026-05-06T18:00:00+00:00,1.3599700000000015,1.3602600000000016,1.3595100000000016,1.3597600000000014,5004
2026-05-06T19:00:00+00:00,1.3597600000000014,1.3598600000000014,1.3591600000000015,1.3597000000000015,5234
2026-05-06T20:00:00+00:00,1.3597000000000015,1.3600400000000015,1.3590100000000016,1.3594200000000014,3615
2026-05-06T21:00:00+00:00,1.3594200000000014,1.3594200000000014,1.3584500000000013,1.3589900000000013,2008.7721109539025
2026-05-06T22:00:00+00:00,1.3589900000000013,1.3595200000000014,1.3589500000000014,1.3593700000000015,954.6433097197742
2026-05-06T23:00:00+00:00,1.3593700000000015,1.3598800000000015,1.3591900000000015,1.3597300000000014,1880.9881313828319
2026-05-07T00:00:00+00:00,1.3597300000000014,1.3602400000000014,1.3595200000000014,1.3598800000000015,6531
2026-05-07T01:00:00+00:00,1.3598800000000015,1.3600700000000014,1.3588300000000015,1.3592400000000016,6355
2026-05-07T02:00:00+00:00,1.3592400000000016,1.3602200000000015,1.3591300000000015,1.3597500000000016,4975
2026-05-07T03:00:00+00:00,1.3597500000000016,1.3600700000000014,1.3596200000000014,1.3600100000000015,2969
2026-05-07T04:00:00+00:00,1.3600100000000015,1.3600400000000015,1.3592600000000015,1.3595900000000014,3142
2026-05-07T05:00:00+00:00,1.3595900000000014,1.3600000000000014,1.3594600000000014,1.3597900000000014,3667
2026-05-07T06:00:00+00:00,1.3597900000000014,1.3604000000000014,1.3591900000000015,1.3597500000000016,6578
2026-05-07T07:00:00+00:00,1.3597500000000016,1.3599400000000015,1.3585100000000014,1.3586900000000015,10864
2026-05-07T08:00:00+00:00,1.3586900000000015,1.3590300000000015,1.3583700000000014,1.3586400000000014,6898
2026-05-07T09:00:00+00:00,1.3586400000000014,1.3590300000000015,1.3580700000000014,1.3585400000000014,5545
2026-05-07T10:00:00+00:00,1.3585400000000014,1.3589700000000016,1.3580900000000016,1.3586900000000015,6233
2026-05-07T11:00:00+00:00,1.3586900000000015,1.3593100000000016,1.3582000000000014,1.3590000000000015,5168
2026-05-07T12:00:00+00:00,1.3590000000000015,1.3596300000000014,1.3584500000000015,1.3595000000000015,7582
2026-05-07T13:00:00+00:00,1.3595000000000015,1.3602000000000014,1.3590900000000015,1.3599800000000015,9596
2026-05-07T14:00:00+00:00,1.3599800000000015,1.3605600000000015,1.3589100000000014,1.3595400000000015,11031
2026-05-07T15:00:00+00:00,1.3595400000000015,1.3603500000000015,1.3592000000000015,1.3598100000000015,9196
2026-05-07T16:00:00+00:00,1.3598100000000015,1.3602800000000015,1.3589800000000014,1.3591900000000015,8605
2026-05-07T17:00:00+00:00,1.3591900000000015,1.3599600000000014,1.3586900000000015,1.3596400000000015,9997
2026-05-07T18:00:00+00:00,1.3596400000000015,1.3604300000000016,1.3594700000000015,1.3597400000000015,8415
2026-05-07T19:00:00+00:00,1.3597400000000015,1.3614500000000014,1.3592000000000015,1.3614400000000015,8472
2026-05-07T20:00:00+00:00,1.3614400000000015,1.3625800000000015,1.3606400000000014,1.3624800000000015,7449
2026-05-07T21:00:00+00:00,1.3624800000000015,1.3624800000000015,1.3611500000000014,1.3617900000000014,2758
2026-05-07T22:00:00+00:00,1.3617900000000014,1.3624900000000015,1.3617500000000016,1.3623900000000015,2108
2026-05-07T23:00:00+00:00,1.3623900000000015,1.3625200000000015,1.3619700000000015,1.3621300000000014,1965.4827382359895
2026-05-08T00:00:00+00:00,1.3621300000000014,1.3623800000000015,1.3617100000000015,1.3620200000000016,6529
2026-05-08T01:00:00+00:00,1.3620200000000016,1.3620200000000016,1.3616100000000015,1.3618000000000015,5923
2026-05-08T02:00:00+00:00,1.3618000000000015,1.3624800000000015,1.3617800000000015,1.3620000000000014,5028
2026-05-08T03:00:00+00:00,1.3620000000000014,1.3621300000000014,1.3616000000000015,1.3619400000000015,3992
2026-05-08T04:00:00+00:00,1.3619400000000015,1.3620900000000016,1.3615200000000014,1.3616400000000015,4042
2026-05-08T05:00:00+00:00,1.3616400000000015,1.3617100000000015,1.3612400000000016,1.3615600000000014,4510
2026-05-08T06:00:00+00:00,1.3615600000000014,1.3616300000000015,1.3610400000000016,1.3614100000000016,6156
2026-05-08T07:00:00+00:00,1.3614100000000016,1.3617400000000015,1.3612400000000016,1.3617200000000016,6059
2026-05-08T08:00:00+00:00,1.3617200000000016,1.3619900000000016,1.3611600000000015,1.3611900000000015,5675
2026-05-08T09:00:00+00:00,1.3611900000000015,1.3612100000000016,1.3605700000000014,1.3605900000000015,4479
2026-05-08T10:00:00+00:00,1.3605900000000015,1.3613700000000015,1.3604000000000014,1.3611700000000015,4436
2026-05-08T11:00:00+00:00,1.3611700000000015,1.3613000000000015,1.3603400000000014,1.3604400000000014,4753
2026-05-08T12:00:00+00:00,1.3604400000000014,1.3653600000000015,1.3603900000000015,1.3651000000000015,16008
2026-05-08T13:00:00+00:00,1.3651000000000015,1.3670100000000014,1.3651000000000015,1.3667100000000014,13677
2026-05-08T14:00:00+00:00,1.3667100000000014,1.3670800000000014,1.3648900000000015,1.3651400000000016,11356
2026-05-08T15:00:00+00:00,1.3651400000000016,1.3656100000000015,1.3637700000000015,1.3640400000000015,9768
2026-05-08T16:00:00+00:00,1.3640400000000015,1.3651500000000014,1.3639300000000014,1.3650100000000014,6063
2026-05-08T17:00:00+00:00,1.3650100000000014,1.3650400000000016,1.3643700000000014,1.3645400000000014,4288
2026-05-08T18:00:00+00:00,1.3645400000000014,1.3646200000000015,1.3639400000000015,1.3641200000000016,5214
2026-05-08T19:00:00+00:00,1.3641200000000016,1.3645700000000014,1.3636300000000015,1.3642400000000015,4108
2026-05-08T20:00:00+00:00,1.3642400000000015,1.3643300000000016,1.3630400000000016,1.3635300000000015,3194.473263916073
2026-05-10T21:00:00+00:00,1.3635300000000015,1.3664700000000012,1.3635300000000015,1.3663300000000007,1491.3034628949172
2026-05-10T22:00:00+00:00,1.3663300000000007,1.3674900000000008,1.3661800000000008,1.3672100000000007,1582.2956891317547
2026-05-10T23:00:00+00:00,1.3672100000000007,1.3672100000000007,1.3665500000000008,1.3666900000000008,2864
2026-05-11T00:00:00+00:00,1.3666900000000008,1.3670300000000009,1.3662100000000008,1.3667000000000007,6190
2026-05-11T01:00:00+00:00,1.3667000000000007,1.3673700000000009,1.3665800000000008,1.3669600000000008,7138
2026-05-11T02:00:00+00:00,1.3669600000000008,1.3671800000000007,1.3666100000000008,1.3671000000000009,4735
2026-05-11T03:00:00+00:00,1.3671000000000009,1.367240000000001,1.3668300000000009,1.367240000000001,4466
2026-05-11T04:00:00+00:00,1.367240000000001,1.3678300000000008,1.3672000000000009,1.3677300000000008,3349
2026-05-11T05:00:00+00:00,1.3677300000000008,1.3677600000000008,1.3673700000000009,1.3676000000000008,3870
2026-05-11T06:00:00+00:00,1.3676000000000008,1.3676000000000008,1.3659500000000009,1.3663100000000008,7041
2026-05-11T07:00:00+00:00,1.3663100000000008,1.3663100000000008,1.3650500000000008,1.365510000000001,7394
2026-05-11T08:00:00+00:00,1.365510000000001,1.3656700000000008,1.3650200000000008,1.3653000000000008,5945
2026-05-11T09:00:00+00:00,1.3653000000000008,1.3656700000000008,1.3651400000000007,1.3652600000000008,5231
2026-05-11T10:00:00+00:00,1.3652600000000008,1.3654800000000007,1.3644400000000008,1.3645300000000007,5345
2026-05-11T11:00:00+00:00,1.3645300000000007,1.3653500000000007,1.3644800000000008,1.365070000000001,5192
2026-05-11T12:00:00+00:00,1.365070000000001,1.3666100000000008,1.3647700000000007,1.3650600000000008,8317
2026-05-11T13:00:00+00:00,1.3650600000000008,1.3653700000000009,1.3641400000000008,1.364290000000001,7275
2026-05-11T14:00:00+00:00,1.364290000000001,1.3651500000000008,1.3631600000000008,1.3648400000000007,11687
2026-05-11T15:00:00+00:00,1.3648400000000007,1.3652800000000007,1.3646600000000009,1.3648900000000008,7412
2026-05-11T16:00:00+00:00,1.3648900000000008,1.3652900000000008,1.3643900000000009,1.3647700000000007,6195
2026-05-11T17:00:00+00:00,1.3647700000000007,1.3652500000000007,1.3646000000000007,1.3649100000000007,4684
2026-05-11T18:00:00+00:00,1.3649100000000007,1.3658900000000007,1.3646800000000008,1.3656300000000008,5196
2026-05-11T19:00:00+00:00,1.3656300000000008,1.3663400000000008,1.3653900000000008,1.3661100000000008,4893
2026-05-11T20:00:00+00:00,1.3661100000000008,1.3665400000000008,1.3660600000000007,1.3661100000000008,3699
2026-05-11T21:00:00+00:00,1.3661100000000008,1.3661100000000008,1.3652500000000007,1.3657600000000008,848.409280300042
2026-05-11T22:00:00+00:00,1.3657600000000008,1.3660600000000007,1.3653100000000007,1.3660000000000008,1099
2026-05-11T23:00:00+00:00,1.3660000000000008,1.3663200000000009,1.3659500000000009,1.3662400000000008,1600
2026-05-12T00:00:00+00:00,1.3662400000000008,1.3672100000000007,1.3662400000000008,1.3671400000000007,5608
2026-05-12T01:00:00+00:00,1.3671400000000007,1.3677700000000008,1.3670300000000009,1.3672900000000008,7592
2026-05-12T02:00:00+00:00,1.3672900000000008,1.3676100000000009,1.3670900000000008,1.3673000000000008,4877
2026-05-12T03:00:00+00:00,1.3673000000000008,1.3678100000000009,1.3671600000000008,1.3677000000000008,3816
2026-05-12T04:00:00+00:00,1.3677000000000008,1.3677700000000008,1.3674100000000007,1.3676000000000008,4238
2026-05-12T05:00:00+00:00,1.3676000000000008,1.3677300000000008,1.3670300000000009,1.3670800000000007,6313
2026-05-12T06:00:00+00:00,1.3670800000000007,1.3679700000000008,1.3667500000000008,1.3676400000000009,8494
2026-05-12T07:00:00+00:00,1.3676400000000009,1.3689800000000008,1.367510000000001,1.368730000000001,8187
2026-05-12T08:00:00+00:00,1.368730000000001,1.3693300000000008,1.3685600000000009,1.3688500000000008,8605
2026-05-12T09:00:00+00:00,1.3688500000000008,1.3694600000000008,1.3683900000000009,1.3693500000000007,7559
2026-05-12T10:00:00+00:00,1.3693500000000007,1.3694800000000007,1.3688900000000008,1.3692900000000008,5753
2026-05-12T11:00:00+00:00,1.3692900000000008,1.3696100000000009,1.3684900000000009,1.3687000000000007,5992
2026-05-12T12:00:00+00:00,1.3687000000000007,1.3696000000000008,1.3684100000000008,1.3684900000000009,9013
2026-05-12T13:00:00+00:00,1.3684900000000009,1.3702700000000008,1.3682000000000007,1.369950000000001,13070
2026-05-12T14:00:00+00:00,1.369950000000001,1.3701700000000008,1.3691300000000008,1.3692200000000008,14108
2026-05-12T15:00:00+00:00,1.3692200000000008,1.3708000000000007,1.3691600000000008,1.3697200000000007,11847
2026-05-12T16:00:00+00:00,1.3697200000000007,1.3700300000000007,1.3693000000000008,1.3696900000000007,8423
2026-05-12T17:00:00+00:00,1.3696900000000007,1.369950000000001,1.3693300000000008,1.369510000000001,6283
2026-05-12T18:00:00+00:00,1.369510000000001,1.3697400000000008,1.3683800000000008,1.3684100000000008,6174
2026-05-12T19:00:00+00:00,1.3684100000000008,1.3685400000000008,1.3677200000000007,1.368290000000001,6472
2026-05-12T20:00:00+00:00,1.368290000000001,1.3685300000000007,1.3676300000000008,1.3679300000000008,3172
2026-05-12T21:00:00+00:00,1.3679300000000008,1.3679400000000008,1.3673600000000008,1.367580000000001,1228.5040210348188
2026-05-12T22:00:00+00:00,1.367580000000001,1.367920000000001,1.367580000000001,1.3677700000000008,1215
2026-05-12T23:00:00+00:00,1.3677700000000008,1.3680900000000007,1.3676200000000007,1.3680500000000009,2013
2026-05-13T00:00:00+00:00,1.3680500000000009,1.3682000000000007,1.3677200000000007,1.3677300000000008,5197
2026-05-13T01:00:00+00:00,1.3677300000000008,1.3680700000000008,1.3669400000000007,1.3671000000000009,5353
2026-05-13T02:00:00+00:00,1.3671000000000009,1.3671100000000007,1.3666600000000009,1.3670200000000008,4532
2026-05-13T03:00:00+00:00,1.3670200000000008,1.3675900000000007,1.3669900000000008,1.3672700000000009,4768
2026-05-13T04:00:00+00:00,1.3672700000000009,1.3678700000000008,1.3672500000000007,1.3677000000000008,2945
2026-05-13T05:00:00+00:00,1.3677000000000008,1.368120000000001,1.3676100000000009,1.3678800000000009,3972
2026-05-13T06:00:00+00:00,1.3678800000000009,1.3687200000000008,1.3677000000000008,1.3685000000000007,6528
2026-05-13T07:00:00+00:00,1.3685000000000007,1.3693200000000008,1.3685000000000007,1.3687800000000008,7056
2026-05-13T08:00:00+00:00,1.3687800000000008,1.3692000000000009,1.3682000000000007,1.3682100000000008,6766
2026-05-13T09:00:00+00:00,1.3682100000000008,1.3691100000000007,1.3681300000000007,1.3681500000000009,5763
2026-05-13T10:00:00+00:00,1.3681500000000009,1.3682000000000007,1.3673000000000008,1.3673800000000007,7298
2026-05-13T11:00:00+00:00,1.3673800000000007,1.3678900000000007,1.3672000000000009,1.3677000000000008,4868
2026-05-13T12:00:00+00:00,1.3677000000000008,1.3686800000000008,1.3672300000000008,1.3678700000000008,9739
2026-05-13T13:00:00+00:00,1.3678700000000008,1.3694800000000007,1.3675400000000009,1.3690500000000008,12333
2026-05-13T14:00:00+00:00,1.3690500000000008,1.369410000000001,1.3675400000000009,1.368730000000001,13259
2026-05-13T15:00:00+00:00,1.368730000000001,1.3687700000000007,1.3674800000000007,1.3685500000000008,8461
2026-05-13T16:00:00+00:00,1.3685500000000008,1.3688400000000007,1.3678400000000008,1.368800000000001,6551
2026-05-13T17:00:00+00:00,1.368800000000001,1.3692200000000008,1.3684800000000008,1.3691000000000009,5118
2026-05-13T18:00:00+00:00,1.3691000000000009,1.3701400000000008,1.3688500000000008,1.3696000000000008,6431
2026-05-13T19:00:00+00:00,1.3696000000000008,1.3696300000000008,1.3685400000000008,1.3687600000000009,5230
2026-05-13T20:00:00+00:00,1.3687600000000009,1.369070000000001,1.3685700000000007,1.3689300000000009,3739
2026-05-13T21:00:00+00:00,1.3689300000000009,1.3689400000000007,1.3683200000000006,1.3685500000000008,1762.4512862989873
2026-05-13T22:00:00+00:00,1.3685500000000008,1.3687500000000008,1.3682800000000008,1.3685500000000008,1052.635679044404
2026-05-13T23:00:00+00:00,1.3685500000000008,1.3687000000000007,1.3684700000000007,1.3686200000000006,1797.7821057255821
2026-05-14T00:00:00+00:00,1.3686200000000006,1.3689200000000006,1.3685500000000006,1.3686900000000006,5467
2026-05-14T01:00:00+00:00,1.3686900000000006,1.3690600000000006,1.3685300000000007,1.3689800000000008,6098
2026-05-14T02:00:00+00:00,1.3689800000000008,1.3690500000000008,1.3687500000000006,1.3688200000000006,4311
2026-05-14T03:00:00+00:00,1.3688200000000006,1.3690200000000008,1.3687400000000007,1.3690200000000008,3476
2026-05-14T04:00:00+00:00,1.3690200000000008,1.3690800000000007,1.3683600000000007,1.3686200000000006,4456
2026-05-14T05:00:00+00:00,1.3686200000000006,1.3689000000000007,1.3684100000000008,1.3687300000000007,5257
2026-05-14T06:00:00+00:00,1.3687300000000007,1.3690200000000008,1.3682800000000006,1.3684300000000007,5528
2026-05-14T07:00:00+00:00,1.3684300000000007,1.3697400000000006,1.3684200000000006,1.3696500000000007,5754
2026-05-14T08:00:00+00:00,1.3696500000000007,1.3696700000000006,1.3685600000000007,1.3686900000000006,6498
2026-05-14T09:00:00+00:00,1.3686900000000006,1.3690900000000006,1.3685500000000006,1.3689700000000007,5650
2026-05-14T10:00:00+00:00,1.3689700000000007,1.3699100000000006,1.3688500000000008,1.3698700000000006,5283
2026-05-14T11:00:00+00:00,1.3698700000000006,1.3703300000000007,1.3698200000000007,1.3702800000000006,4203
2026-05-14T12:00:00+00:00,1.3702800000000006,1.3708900000000006,1.3700900000000007,1.3706100000000008,6388
2026-05-14T13:00:00+00:00,1.3706100000000008,1.3709400000000007,1.3699200000000007,1.3708800000000008,11378
2026-05-14T14:00:00+00:00,1.3708800000000008,1.3712800000000007,1.3694600000000008,1.3711700000000007,10131
2026-05-14T15:00:00+00:00,1.3711700000000007,1.3719100000000006,1.3704400000000008,1.3706600000000007,9625
2026-05-14T16:00:00+00:00,1.3706600000000007,1.3711900000000006,1.3703400000000008,1.3703700000000008,8634
2026-05-14T17:00:00+00:00,1.3703700000000008,1.3710100000000007,1.3700900000000007,1.3706100000000008,5858
2026-05-14T18:00:00+00:00,1.3706100000000008,1.3711700000000007,1.3703800000000006,1.3705600000000007,6448
2026-05-14T19:00:00+00:00,1.3705600000000007,1.3710800000000007,1.3704300000000007,1.3705800000000006,5657
2026-05-14T20:00:00+00:00,1.3705800000000006,1.3708200000000006,1.3699000000000008,1.3700600000000007,3953
2026-05-14T21:00:00+00:00,1.3700600000000007,1.3700700000000008,1.3695200000000007,1.3696000000000006,959
2026-05-14T22:00:00+00:00,1.3696000000000006,1.3700200000000007,1.3696000000000006,1.3697900000000007,1375
2026-05-14T23:00:00+00:00,1.3697900000000007,1.3706300000000007,1.3697900000000007,1.3705800000000006,2485
2026-05-15T00:00:00+00:00,1.3705800000000006,1.3718500000000007,1.3705500000000006,1.3716600000000008,5629
2026-05-15T01:00:00+00:00,1.3716600000000008,1.3724100000000006,1.3716400000000006,1.3722800000000006,6373
2026-05-15T02:00:00+00:00,1.3722800000000006,1.3723700000000008,1.3717000000000006,1.3719800000000006,5396
2026-05-15T03:00:00+00:00,1.3719800000000006,1.3721800000000006,1.3718600000000007,1.3721300000000007,5217
2026-05-15T04:00:00+00:00,1.3721300000000007,1.3728400000000007,1.3721000000000008,1.3727500000000006,3521
2026-05-15T05:00:00+00:00,1.3727500000000006,1.3738600000000007,1.3726800000000008,1.3734500000000007,9207
2026-05-15T06:00:00+00:00,1.3734500000000007,1.3734700000000006,1.3720400000000006,1.3733400000000007,10752
2026-05-15T07:00:00+00:00,1.3733400000000007,1.3736500000000007,1.3720400000000006,1.3728400000000007,10036
2026-05-15T08:00:00+00:00,1.3728400000000007,1.3735300000000006,1.3726200000000006,1.3729400000000007,8749
2026-05-15T09:00:00+00:00,1.3729400000000007,1.3739400000000006,1.3729000000000007,1.3734800000000007,8531
2026-05-15T10:00:00+00:00,1.3734800000000007,1.3735600000000008,1.3715900000000008,1.3724100000000006,9865
2026-05-15T11:00:00+00:00,1.3724100000000006,1.3735900000000008,1.3722800000000006,1.3733300000000006,7745
2026-05-15T12:00:00+00:00,1.3733300000000006,1.3741000000000008,1.3732200000000008,1.3735200000000007,9013
2026-05-15T13:00:00+00:00,1.3735200000000007,1.3748500000000006,1.3732900000000008,1.3739600000000007,12906
2026-05-15T14:00:00+00:00,1.3739600000000007,1.3746300000000007,1.3732900000000008,1.3740900000000007,15217
2026-05-15T15:00:00+00:00,1.3740900000000007,1.3746100000000008,1.3732500000000007,1.3732600000000006,12913
2026-05-15T16:00:00+00:00,1.3732600000000006,1.3735300000000006,1.3714500000000007,1.3716200000000007,9447
2026-05-15T17:00:00+00:00,1.3716200000000007,1.3724600000000007,1.3712200000000008,1.3722600000000007,6412
2026-05-15T18:00:00+00:00,1.3722600000000007,1.3739200000000007,1.3722300000000007,1.3734400000000007,7495
2026-05-15T19:00:00+00:00,1.3734400000000007,1.3739900000000007,1.3731800000000007,1.3735100000000007,5178
2026-05-15T20:00:00+00:00,1.3735100000000007,1.3739900000000007,1.3723800000000006,1.3725900000000004,4060.822553644803
2026-05-17T21:00:00+00:00,1.3725900000000004,1.3739500000000002,1.3725800000000004,1.3736600000000003,1240.7885223421247
2026-05-17T22:00:00+00:00,1.3736600000000003,1.3741900000000002,1.3728600000000002,1.37416,1954.7407470786166
2026-05-17T23:00:00+00:00,1.37416,1.3751900000000001,1.3739400000000002,1.3751000000000002,4004
2026-05-18T00:00:00+00:00,1.3751000000000002,1.37522,1.3744900000000002,1.37491,9865
2026-05-18T01:00:00+00:00,1.37491,1.3751400000000003,1.37427,1.37437,9780
2026-05-18T02:00:00+00:00,1.37437,1.3749700000000002,1.3741900000000002,1.3746600000000002,6234
2026-05-18T03:00:00+00:00,1.3746600000000002,1.3746600000000002,1.37389,1.3741,6350
2026-05-18T04:00:00+00:00,1.3741,1.37433,1.3738400000000002,1.3742200000000002,5209
2026-05-18T05:00:00+00:00,1.3742200000000002,1.37447,1.3738700000000001,1.3741,6467
2026-05-18T06:00:00+00:00,1.3741,1.3742200000000002,1.37298,1.37321,8051
2026-05-18T07:00:00+00:00,1.37321,1.37382,1.37274,1.3734300000000002,8380
2026-05-18T08:00:00+00:00,1.3734300000000002,1.3735400000000002,1.3722,1.37257,7524
2026-05-18T09:00:00+00:00,1.37257,1.3732600000000001,1.37247,1.37325,5993
2026-05-18T10:00:00+00:00,1.37325,1.3735000000000002,1.3728300000000002,1.3734100000000002,5552
2026-05-18T11:00:00+00:00,1.3734100000000002,1.3742400000000001,1.3728900000000002,1.3735400000000002,9667
2026-05-18T12:00:00+00:00,1.3735400000000002,1.3737000000000001,1.3720900000000003,1.3728000000000002,9358
2026-05-18T13:00:00+00:00,1.3728000000000002,1.3734100000000002,1.3723,1.3733300000000002,10509
2026-05-18T14:00:00+00:00,1.3733300000000002,1.3740500000000002,1.3726600000000002,1.3730600000000002,12214
2026-05-18T15:00:00+00:00,1.3730600000000002,1.3739500000000002,1.3729500000000001,1.3732000000000002,10829
2026-05-18T16:00:00+00:00,1.3732000000000002,1.3735700000000002,1.3726500000000001,1.3729900000000002,8504
2026-05-18T17:00:00+00:00,1.3729900000000002,1.37315,1.3727600000000002,1.37284,5904
2026-05-18T18:00:00+00:00,1.37284,1.3739200000000003,1.3727800000000001,1.37389,7162
2026-05-18T19:00:00+00:00,1.37389,1.3739200000000003,1.37247,1.3727900000000002,10283
2026-05-18T20:00:00+00:00,1.3727900000000002,1.37291,1.3724500000000002,1.37271,2548
2026-05-18T21:00:00+00:00,1.37271,1.3729,1.3721100000000002,1.3725699999999998,992.3405331189637
2026-05-18T22:00:00+00:00,1.3725699999999998,1.37297,1.37256,1.3726999999999998,1085
2026-05-18T23:00:00+00:00,1.3726999999999998,1.3728799999999999,1.3726099999999999,1.3728399999999998,1894
2026-05-19T00:00:00+00:00,1.3728399999999998,1.37378,1.3726699999999998,1.3737499999999998,8031
2026-05-19T01:00:00+00:00,1.3737499999999998,1.37404,1.37334,1.37381,9001
2026-05-19T02:00:00+00:00,1.37381,1.3741299999999999,1.3735699999999997,1.3736199999999996,8120
2026-05-19T03:00:00+00:00,1.3736199999999996,1.3737699999999997,1.3733299999999997,1.3736399999999998,6449
2026-05-19T04:00:00+00:00,1.3736399999999998,1.3742499999999997,1.3735899999999996,1.3741899999999998,6973
2026-05-19T05:00:00+00:00,1.3741899999999998,1.3743699999999996,1.3735399999999998,1.3736199999999996,8166
2026-05-19T06:00:00+00:00,1.3736199999999996,1.3737699999999995,1.3732499999999996,1.3735899999999996,8275
2026-05-19T07:00:00+00:00,1.3735899999999996,1.3739399999999997,1.3733299999999997,1.3739099999999997,7355
2026-05-19T08:00:00+00:00,1.3739099999999997,1.3750099999999996,1.3738999999999997,1.3749699999999996,6915
2026-05-19T09:00:00+00:00,1.3749699999999996,1.3755899999999996,1.3749199999999997,1.3753399999999998,5517
2026-05-19T10:00:00+00:00,1.3753399999999998,1.3761599999999996,1.3749599999999997,1.3751699999999998,7030
2026-05-19T11:00:00+00:00,1.3751699999999998,1.3752399999999998,1.3733199999999994,1.3742099999999995,6403
2026-05-19T12:00:00+00:00,1.3742099999999995,1.3763799999999995,1.3738499999999996,1.3754999999999995,11424
2026-05-19T13:00:00+00:00,1.3754999999999995,1.3759999999999994,1.3748899999999995,1.3754499999999996,13542
2026-05-19T14:00:00+00:00,1.3754499999999996,1.3761899999999996,1.3747699999999996,1.3760299999999996,13963
2026-05-19T15:00:00+00:00,1.3760299999999996,1.3761099999999995,1.3745299999999996,1.3745699999999996,8656
2026-05-19T16:00:00+00:00,1.3745699999999996,1.3751399999999996,1.3736499999999996,1.3738799999999995,8083
2026-05-19T17:00:00+00:00,1.3738799999999995,1.3742899999999996,1.3737799999999996,1.3741599999999996,5625
2026-05-19T18:00:00+00:00,1.3741599999999996,1.3741599999999996,1.3736299999999995,1.3739099999999995,7736
2026-05-19T19:00:00+00:00,1.3739099999999995,1.3742199999999996,1.3733199999999994,1.3739599999999996,6274
2026-05-19T20:00:00+00:00,1.3739599999999996,1.3743199999999995,1.3732799999999996,1.3733699999999995,4915
2026-05-19T21:00:00+00:00,1.3733699999999995,1.3733699999999995,1.3730999999999995,1.3732199999999994,363.17141415549156
2026-05-19T22:00:00+00:00,1.3732199999999994,1.3735899999999994,1.3732199999999994,1.3733199999999994,1282
2026-05-19T23:00:00+00:00,1.3733199999999994,1.3738799999999993,1.3731499999999994,1.3738599999999994,2278
2026-05-20T00:00:00+00:00,1.3738599999999994,1.3747799999999994,1.3738599999999994,1.3747199999999995,9894
2026-05-20T01:00:00+00:00,1.3747199999999995,1.3750299999999993,1.3741499999999993,1.3744999999999994,9932
2026-05-20T02:00:00+00:00,1.3744999999999994,1.3747299999999993,1.3741499999999993,1.3745299999999994,8219
2026-05-20T03:00:00+00:00,1.3745299999999994,1.3746699999999994,1.3741499999999993,1.3744699999999994,6275
2026-05-20T04:00:00+00:00,1.3744699999999994,1.3749299999999993,1.3741199999999993,1.3748699999999994,5790
2026-05-20T05:00:00+00:00,1.3748699999999994,1.3749999999999993,1.3745299999999994,1.3747699999999994,6364
2026-05-20T06:00:00+00:00,1.3747699999999994,1.3755799999999994,1.3746199999999995,1.3754499999999994,7690
2026-05-20T07:00:00+00:00,1.3754499999999994,1.3762099999999995,1.3749499999999995,1.3761899999999994,6850
2026-05-20T08:00:00+00:00,1.3761899999999994,1.3762199999999993,1.3754199999999994,1.3762099999999995,6961
2026-05-20T09:00:00+00:00,1.3762099999999995,1.3768099999999994,1.3758399999999995,1.3767099999999994,4241
2026-05-20T10:00:00+00:00,1.3767099999999994,1.3767899999999995,1.3757099999999993,1.3758399999999995,5236
2026-05-20T11:00:00+00:00,1.3758399999999995,1.3760199999999994,1.3742899999999993,1.3743399999999995,6028
2026-05-20T12:00:00+00:00,1.3743399999999995,1.3755899999999994,1.3742199999999993,1.3751299999999993,7182
2026-05-20T13:00:00+00:00,1.3751299999999993,1.3763499999999993,1.3745999999999994,1.3762099999999995,9409
2026-05-20T14:00:00+00:00,1.3762099999999995,1.3765699999999994,1.3728499999999995,1.3730399999999994,19155
2026-05-20T15:00:00+00:00,1.3730399999999994,1.3743299999999994,1.3720799999999993,1.3736899999999994,18706
2026-05-20T16:00:00+00:00,1.3736899999999994,1.3738999999999995,1.3726799999999995,1.3737199999999994,9488
2026-05-20T17:00:00+00:00,1.3737199999999994,1.3744999999999994,1.3735799999999994,1.3743099999999995,7878
2026-05-20T18:00:00+00:00,1.3743099999999995,1.3745099999999995,1.3732799999999994,1.3737899999999994,7355
2026-05-20T19:00:00+00:00,1.3737899999999994,1.3738799999999993,1.3731399999999994,1.3732699999999993,5913
2026-05-20T20:00:00+00:00,1.3732699999999993,1.3736099999999993,1.3729899999999995,1.3734199999999994,5071
2026-05-20T21:00:00+00:00,1.3734199999999994,1.3734199999999994,1.3723899999999993,1.3730599999999993,1254.3348994124285
2026-05-20T22:00:00+00:00,1.3730599999999993,1.3737199999999994,1.3730599999999993,1.3735799999999994,995
2026-05-20T23:00:00+00:00,1.3735799999999994,1.3739199999999994,1.3735399999999993,1.3738199999999994,1310.2375382400576
2026-05-21T00:00:00+00:00,1.3738199999999994,1.3741499999999993,1.3736699999999993,1.3739199999999994,5935
2026-05-21T01:00:00+00:00,1.3739199999999994,1.3748899999999993,1.3735899999999994,1.3746899999999993,7946
2026-05-21T02:00:00+00:00,1.3746899999999993,1.3756399999999993,1.3744899999999993,1.3754399999999993,6902
2026-05-21T03:00:00+00:00,1.3754399999999993,1.3754999999999993,1.3750899999999995,1.3753699999999993,3485
2026-05-21T04:00:00+00:00,1.3753699999999993,1.3754299999999995,1.3750499999999994,1.3752499999999994,3972
2026-05-21T05:00:00+00:00,1.3752499999999994,1.3757299999999995,1.3750999999999993,1.3753199999999994,5120
2026-05-21T06:00:00+00:00,1.3753199999999994,1.3755099999999993,1.3749199999999995,1.3753699999999993,7721
2026-05-21T07:00:00+00:00,1.3753699999999993,1.3764399999999994,1.3752699999999993,1.3763799999999993,9862
2026-05-21T08:00:00+00:00,1.3763799999999993,1.3766499999999995,1.3751999999999993,1.3757599999999994,9538
2026-05-21T09:00:00+00:00,1.3757599999999994,1.3759899999999994,1.3751599999999993,1.3756899999999994,6310
2026-05-21T10:00:00+00:00,1.3756899999999994,1.3763599999999994,1.3752899999999995,1.3755499999999994,10174
2026-05-21T11:00:00+00:00,1.3755499999999994,1.3759499999999993,1.3750599999999993,1.3759099999999993,6455
2026-05-21T12:00:00+00:00,1.3759099999999993,1.3764999999999994,1.3755499999999994,1.3764899999999993,8787
2026-05-21T13:00:00+00:00,1.3764899999999993,1.3779099999999993,1.3763199999999993,1.3774799999999994,11216
2026-05-21T14:00:00+00:00,1.3774799999999994,1.3790099999999994,1.3773099999999994,1.3779299999999994,12491
2026-05-21T15:00:00+00:00,1.3779299999999994,1.3784699999999994,1.3774299999999995,1.3778899999999994,11614
2026-05-21T16:00:00+00:00,1.3778899999999994,1.3782799999999993,1.3773999999999993,1.3775599999999995,8330
2026-05-21T17:00:00+00:00,1.3775599999999995,1.3778199999999994,1.3763899999999993,1.3767499999999995,14409
2026-05-21T18:00:00+00:00,1.3767499999999995,1.3774999999999993,1.3757099999999993,1.3772599999999995,10585
2026-05-21T19:00:00+00:00,1.3772599999999995,1.3773399999999993,1.3766599999999993,1.3769199999999995,7733
2026-05-21T20:00:00+00:00,1.3769199999999995,1.3770999999999993,1.3766399999999994,1.3766799999999995,4387
2026-05-21T21:00:00+00:00,1.3766799999999995,1.3766799999999995,1.3756399999999995,1.3757599999999996,953.5078928752313
2026-05-21T22:00:00+00:00,1.3757599999999996,1.3766499999999995,1.3757599999999996,1.3764399999999994,991
2026-05-21T23:00:00+00:00,1.3764399999999994,1.3766599999999996,1.3763299999999996,1.3764999999999996,1654
2026-05-22T00:00:00+00:00,1.3764999999999996,1.3776499999999996,1.3764799999999995,1.3772199999999994,5951
2026-05-22T01:00:00+00:00,1.3772199999999994,1.3778199999999996,1.3771899999999995,1.3777999999999995,5727
2026-05-22T02:00:00+00:00,1.3777999999999995,1.3778899999999996,1.3774299999999995,1.3777299999999995,4401
2026-05-22T03:00:00+00:00,1.3777299999999995,1.3781299999999996,1.3776699999999995,1.3780499999999996,3925
2026-05-22T04:00:00+00:00,1.3780499999999996,1.3781299999999996,1.3776299999999995,1.3777999999999995,3046
2026-05-22T05:00:00+00:00,1.3777999999999995,1.3782399999999995,1.3772699999999996,1.3781799999999995,5284
2026-05-22T06:00:00+00:00,1.3781799999999995,1.3784099999999995,1.3778499999999996,1.3778599999999996,6145
2026-05-22T07:00:00+00:00,1.3778599999999996,1.3784099999999995,1.3778199999999996,1.3779299999999994,5161
2026-05-22T08:00:00+00:00,1.3779299999999994,1.3780399999999995,1.3772299999999995,1.3773599999999995,7037
2026-05-22T09:00:00+00:00,1.3773599999999995,1.3782499999999995,1.3772699999999996,1.3780199999999996,5539
2026-05-22T10:00:00+00:00,1.3780199999999996,1.3787699999999996,1.3779399999999995,1.3786499999999995,4224
2026-05-22T11:00:00+00:00,1.3786499999999995,1.3790799999999996,1.3783899999999996,1.3789599999999995,4836
2026-05-22T12:00:00+00:00,1.3789599999999995,1.3795799999999996,1.3785699999999996,1.3792599999999995,9017
2026-05-22T13:00:00+00:00,1.3792599999999995,1.3793799999999996,1.3779599999999996,1.3786399999999996,10381
2026-05-22T14:00:00+00:00,1.3786399999999996,1.3808599999999995,1.3786399999999996,1.3807899999999995,11146
2026-05-22T15:00:00+00:00,1.3807899999999995,1.3811099999999996,1.3802899999999996,1.3807099999999994,7926
2026-05-22T16:00:00+00:00,1.3807099999999994,1.3811199999999995,1.3796799999999996,1.3796999999999995,6133
2026-05-22T17:00:00+00:00,1.3796999999999995,1.3802799999999995,1.3793799999999996,1.3799599999999996,7247
2026-05-22T18:00:00+00:00,1.3799599999999996,1.3801299999999996,1.3792999999999995,1.3797899999999996,4499
2026-05-22T19:00:00+00:00,1.3797899999999996,1.3803399999999995,1.3794299999999995,1.3803399999999995,4105
2026-05-22T20:00:00+00:00,1.3803399999999995,1.3812099999999996,1.3799999999999994,1.3803499999999995,3284.85717328789
2026-05-24T21:00:00+00:00,1.3803499999999995,1.38106,1.3799899999999994,1.3809399999999998,1146.7426776339537
2026-05-24T22:00:00+00:00,1.3809399999999998,1.3817099999999998,1.3803299999999998,1.38061,2570.2315553688927
2026-05-24T23:00:00+00:00,1.38061,1.3808699999999998,1.38021,1.38069,2803
2026-05-25T00:00:00+00:00,1.38069,1.38122,1.3805699999999999,1.3808099999999999,7047
2026-05-25T01:00:00+00:00,1.3808099999999999,1.3810399999999998,1.37998,1.3803599999999998,5372
2026-05-25T02:00:00+00:00,1.3803599999999998,1.3805199999999997,1.38,1.3804299999999998,3265.392220047336
2026-05-25T03:00:00+00:00,1.3804299999999998,1.38144,1.3803199999999998,1.38129,5707.189852398524
2026-05-25T04:00:00+00:00,1.38129,1.3814899999999999,1.3809099999999999,1.3810399999999998,3254
2026-05-25T05:00:00+00:00,1.3810399999999998,1.38153,1.3808099999999999,1.3814199999999999,3740
2026-05-25T06:00:00+00:00,1.3814199999999999,1.3818199999999998,1.38124,1.3814199999999999,4098
2026-05-25T07:00:00+00:00,1.3814199999999999,1.38248,1.3814,1.38198,6972
2026-05-25T08:00:00+00:00,1.38198,1.38248,1.38164,1.38171,5415
2026-05-25T09:00:00+00:00,1.38171,1.3820299999999999,1.38154,1.38187,3295
2026-05-25T10:00:00+00:00,1.38187,1.38204,1.3816599999999999,1.38188,3467
2026-05-25T11:00:00+00:00,1.38188,1.3822299999999998,1.3811399999999998,1.38158,3783
2026-05-25T12:00:00+00:00,1.38158,1.3818199999999998,1.38089,1.38112,5792
2026-05-25T13:00:00+00:00,1.38112,1.3814899999999999,1.38061,1.3813499999999999,6304
2026-05-25T14:00:00+00:00,1.3813499999999999,1.38139,1.38029,1.38052,6475
2026-05-25T15:00:00+00:00,1.38052,1.38072,1.37991,1.38014,6009
2026-05-25T16:00:00+00:00,1.38014,1.38085,1.3800599999999998,1.38072,3977
2026-05-25T17:00:00+00:00,1.38072,1.38095,1.3805299999999998,1.38075,1556
2026-05-25T18:00:00+00:00,1.38075,1.38095,1.38059,1.38085,1203.173533289387
2026-05-25T19:00:00+00:00,1.38085,1.38093,1.38039,1.38042,1529
2026-05-25T20:00:00+00:00,1.38042,1.38073,1.3803299999999998,1.3806699999999998,2071
2026-05-25T21:00:00+00:00,1.3806699999999998,1.3807200000000002,1.37969,1.3804100000000001,1086.6964666185931
2026-05-25T22:00:00+00:00,1.3804100000000001,1.38081,1.3804100000000001,1.3805900000000002,776
2026-05-25T23:00:00+00:00,1.3805900000000002,1.38101,1.3805,1.38091,1693
2026-05-26T00:00:00+00:00,1.38091,1.38118,1.3806100000000001,1.3806500000000002,6377
2026-05-26T01:00:00+00:00,1.3806500000000002,1.38124,1.38053,1.3810900000000002,7231
2026-05-26T02:00:00+00:00,1.3810900000000002,1.3814000000000002,1.38097,1.3812200000000001,4852
2026-05-26T03:00:00+00:00,1.3812200000000001,1.38124,1.38094,1.3809500000000001,5363
2026-05-26T04:00:00+00:00,1.3809500000000001,1.38141,1.38091,1.3814000000000002,4133
2026-05-26T05:00:00+00:00,1.3814000000000002,1.3817300000000001,1.38138,1.3817100000000002,5925
2026-05-26T06:00:00+00:00,1.3817100000000002,1.3818000000000001,1.3810200000000001,1.38145,8426
2026-05-26T07:00:00+00:00,1.38145,1.38178,1.3805100000000001,1.3807500000000001,9114
2026-05-26T08:00:00+00:00,1.3807500000000001,1.3809200000000001,1.38016,1.3805900000000002,8663
2026-05-26T09:00:00+00:00,1.3805900000000002,1.38091,1.3802400000000001,1.3802500000000002,6147
2026-05-26T10:00:00+00:00,1.3802500000000002,1.3808600000000002,1.3802100000000002,1.38033,6778
2026-05-26T11:00:00+00:00,1.38033,1.3815300000000001,1.38029,1.38151,6728
2026-05-26T12:00:00+00:00,1.38151,1.38243,1.3814300000000002,1.3821,8240
2026-05-26T13:00:00+00:00,1.3821,1.3821800000000002,1.38074,1.3809200000000001,12348
2026-05-26T14:00:00+00:00,1.3809200000000001,1.3814700000000002,1.38026,1.3809500000000001,14803
2026-05-26T15:00:00+00:00,1.3809500000000001,1.38176,1.38073,1.3807500000000001,12277
2026-05-26T16:00:00+00:00,1.3807500000000001,1.3816300000000001,1.38036,1.38151,10119
2026-05-26T17:00:00+00:00,1.38151,1.38226,1.3811300000000002,1.38209,7040
2026-05-26T18:00:00+00:00,1.38209,1.3821700000000001,1.3815000000000002,1.38158,7304
2026-05-26T19:00:00+00:00,1.38158,1.3819700000000001,1.3812900000000001,1.38131,4425
2026-05-26T20:00:00+00:00,1.38131,1.3817000000000002,1.38115,1.3815000000000002,3649
2026-05-26T21:00:00+00:00,1.3815000000000002,1.3815000000000002,1.3806000000000003,1.3808300000000004,1107.4210711435749
2026-05-26T22:00:00+00:00,1.3808300000000004,1.3815200000000003,1.3808300000000004,1.3811600000000004,1370.919386637459
2026-05-26T23:00:00+00:00,1.3811600000000004,1.3813100000000003,1.3805400000000005,1.3809900000000006,1975.423115009195
2026-05-27T00:00:00+00:00,1.3809900000000006,1.3811600000000006,1.3805200000000004,1.3808900000000004,7692
2026-05-27T01:00:00+00:00,1.3808900000000004,1.3816400000000004,1.3808000000000005,1.3815200000000005,5950
2026-05-27T02:00:00+00:00,1.3815200000000005,1.3815300000000006,1.3809900000000006,1.3812800000000005,5833
2026-05-27T03:00:00+00:00,1.3812800000000005,1.3814300000000006,1.3809200000000006,1.3813600000000006,4527
2026-05-27T04:00:00+00:00,1.3813600000000006,1.3813800000000005,1.3810600000000004,1.3810900000000006,4884
2026-05-27T05:00:00+00:00,1.3810900000000006,1.3816400000000004,1.3809900000000006,1.3815700000000004,4810
2026-05-27T06:00:00+00:00,1.3815700000000004,1.3821500000000004,1.3814600000000006,1.3820900000000005,6954
2026-05-27T07:00:00+00:00,1.3820900000000005,1.3829700000000005,1.3817300000000006,1.3829300000000004,5952
2026-05-27T08:00:00+00:00,1.3829300000000004,1.3831100000000005,1.3823900000000005,1.3830000000000005,5906
2026-05-27T09:00:00+00:00,1.3830000000000005,1.3830700000000005,1.3822800000000004,1.3825700000000005,3804
2026-05-27T10:00:00+00:00,1.3825700000000005,1.3838500000000005,1.3825400000000005,1.3837300000000006,4671
2026-05-27T11:00:00+00:00,1.3837300000000006,1.3841400000000006,1.3833300000000004,1.3834800000000005,5971
2026-05-27T12:00:00+00:00,1.3834800000000005,1.3838500000000005,1.3821900000000005,1.3829800000000005,14896
2026-05-27T13:00:00+00:00,1.3829800000000005,1.3839400000000004,1.3826400000000005,1.3828600000000004,13328
2026-05-27T14:00:00+00:00,1.3828600000000004,1.3853900000000006,1.3824700000000005,1.3851100000000005,16740
2026-05-27T15:00:00+00:00,1.3851100000000005,1.3852100000000005,1.3831300000000004,1.3832100000000005,16174
2026-05-27T16:00:00+00:00,1.3832100000000005,1.3837000000000006,1.3825700000000005,1.3828100000000005,7956
2026-05-27T17:00:00+00:00,1.3828100000000005,1.3836500000000005,1.3828100000000005,1.3832300000000004,8934
2026-05-27T18:00:00+00:00,1.3832300000000004,1.3838500000000005,1.3832200000000006,1.3836500000000005,6250
2026-05-27T19:00:00+00:00,1.3836500000000005,1.3837300000000006,1.3830400000000005,1.3833700000000004,6086
2026-05-27T20:00:00+00:00,1.3833700000000004,1.3842800000000004,1.3830600000000004,1.3840900000000005,3829
2026-05-27T21:00:00+00:00,1.3840900000000005,1.3842700000000006,1.3833700000000004,1.3842200000000005,1132.6440427098669
2026-05-27T22:00:00+00:00,1.3842200000000005,1.3842600000000005,1.3838100000000004,1.3840300000000005,1270.5927747886242
2026-05-27T23:00:00+00:00,1.3840300000000005,1.3846900000000004,1.3839300000000005,1.3846500000000006,3020
2026-05-28T00:00:00+00:00,1.3846500000000006,1.3851300000000004,1.3845600000000005,1.3849400000000005,8325
2026-05-28T01:00:00+00:00,1.3849400000000005,1.3856400000000004,1.3848800000000006,1.3855800000000005,6871
2026-05-28T02:00:00+00:00,1.3855800000000005,1.3857000000000006,1.3853500000000005,1.3853900000000006,4784
2026-05-28T03:00:00+00:00,1.3853900000000006,1.3871200000000006,1.3852200000000006,1.3870800000000005,8019
2026-05-28T04:00:00+00:00,1.3870800000000005,1.3871400000000005,1.3862400000000006,1.3863300000000005,5921
2026-05-28T05:00:00+00:00,1.3863300000000005,1.3866700000000005,1.3857200000000005,1.3860100000000004,5301
2026-05-28T06:00:00+00:00,1.3860100000000004,1.3860900000000005,1.3851400000000005,1.3853700000000004,8231
2026-05-28T07:00:00+00:00,1.3853700000000004,1.3859600000000005,1.3847000000000005,1.3856700000000004,15184
2026-05-28T08:00:00+00:00,1.3856700000000004,1.3864600000000005,1.3852900000000006,1.3861900000000005,11119
2026-05-28T09:00:00+00:00,1.3861900000000005,1.3870300000000004,1.3856600000000006,1.3867700000000005,12168
2026-05-28T10:00:00+00:00,1.3867700000000005,1.3871600000000004,1.3864400000000006,1.3865600000000005,12203
2026-05-28T11:00:00+00:00,1.3865600000000005,1.3866500000000004,1.3850100000000003,1.3851600000000004,7939.9848921491575
2026-05-28T12:00:00+00:00,1.3851600000000004,1.3855900000000003,1.3841800000000004,1.3845600000000002,11785
2026-05-28T13:00:00+00:00,1.3845600000000002,1.3853800000000003,1.3837900000000003,1.3849700000000003,14553
2026-05-28T14:00:00+00:00,1.3849700000000003,1.3852600000000004,1.3818100000000004,1.3820300000000003,24501
2026-05-28T15:00:00+00:00,1.3820300000000003,1.3820300000000003,1.3800400000000004,1.3801300000000003,11929
2026-05-28T16:00:00+00:00,1.3801300000000003,1.3803700000000003,1.3791000000000004,1.3793600000000004,10643
2026-05-28T17:00:00+00:00,1.3793600000000004,1.3794200000000003,1.3784200000000004,1.3787600000000004,9388
2026-05-28T18:00:00+00:00,1.3787600000000004,1.3789500000000003,1.3782100000000004,1.3785300000000003,8579
2026-05-28T19:00:00+00:00,1.3785300000000003,1.3786500000000004,1.3775600000000003,1.3784900000000004,7216
2026-05-28T20:00:00+00:00,1.3784900000000004,1.3789000000000002,1.3782300000000003,1.3784500000000004,4332
2026-05-28T21:00:00+00:00,1.3784500000000004,1.3786600000000004,1.3773300000000004,1.3784100000000004,2057.2601449981917
2026-05-28T22:00:00+00:00,1.3784100000000004,1.3786800000000003,1.3783600000000003,1.3785700000000003,2662
2026-05-28T23:00:00+00:00,1.3785700000000003,1.3786000000000003,1.3783400000000003,1.3785200000000004,2351
2026-05-29T00:00:00+00:00,1.3785200000000004,1.3787800000000003,1.3781400000000004,1.3785900000000004,6039
2026-05-29T01:00:00+00:00,1.3785900000000004,1.3787000000000003,1.3779900000000003,1.3786900000000004,8931
2026-05-29T02:00:00+00:00,1.3786900000000004,1.3787800000000003,1.3783600000000003,1.3787200000000004,5535
2026-05-29T03:00:00+00:00,1.3787200000000004,1.3793300000000004,1.3787200000000004,1.3791400000000003,5194
2026-05-29T04:00:00+00:00,1.3791400000000003,1.3792600000000004,1.3788600000000004,1.3790900000000004,4378
2026-05-29T05:00:00+00:00,1.3790900000000004,1.3792400000000002,1.3786700000000003,1.3789300000000004,4651
2026-05-29T06:00:00+00:00,1.3789300000000004,1.3798000000000004,1.3786700000000003,1.3795200000000003,7095
2026-05-29T07:00:00+00:00,1.3795200000000003,1.3804800000000004,1.3795100000000002,1.3802600000000003,10624
2026-05-29T08:00:00+00:00,1.3802600000000003,1.3809600000000004,1.3801300000000003,1.3807400000000003,10371
2026-05-29T09:00:00+00:00,1.3807400000000003,1.3811300000000004,1.3805800000000004,1.3809900000000004,8664
2026-05-29T10:00:00+00:00,1.3809900000000004,1.3812600000000004,1.3806400000000003,1.3810200000000004,8084
2026-05-29T11:00:00+00:00,1.3810200000000004,1.3816700000000004,1.3801600000000003,1.3802400000000004,9591
2026-05-29T12:00:00+00:00,1.3802400000000004,1.3831300000000004,1.3801400000000004,1.3819900000000003,14475
2026-05-29T13:00:00+00:00,1.3819900000000003,1.3822700000000003,1.3803800000000004,1.3814500000000003,15648
2026-05-29T14:00:00+00:00,1.3814500000000003,1.3818200000000003,1.3772000000000004,1.3777800000000004,29053
2026-05-29T15:00:00+00:00,1.3777800000000004,1.3790600000000004,1.3776000000000004,1.3786600000000004,23947
2026-05-29T16:00:00+00:00,1.3786600000000004,1.3803900000000004,1.3785400000000003,1.3801000000000003,14281
2026-05-29T17:00:00+00:00,1.3801000000000003,1.3803100000000004,1.3793500000000003,1.3794900000000003,12057
2026-05-29T18:00:00+00:00,1.3794900000000003,1.3798600000000003,1.3788400000000003,1.3798500000000002,9404
2026-05-29T19:00:00+00:00,1.3798500000000002,1.3799700000000004,1.3787000000000003,1.3792000000000004,6497
2026-05-29T20:00:00+00:00,1.3792000000000004,1.3799100000000004,1.3786600000000004,1.3789000000000005,5874.456135770235
2026-05-31T21:00:00+00:00,1.3789000000000005,1.3791400000000003,1.3769200000000001,1.3782900000000005,772.713956534772
2026-05-31T22:00:00+00:00,1.3782900000000005,1.3789400000000005,1.3778600000000005,1.3783100000000006,1523.7791066634122
2026-05-31T23:00:00+00:00,1.3783100000000006,1.3785900000000006,1.3776800000000007,1.3784900000000007,4073
2026-06-01T00:00:00+00:00,1.3784900000000007,1.3794300000000006,1.3784600000000007,1.3792300000000006,14203
2026-06-01T01:00:00+00:00,1.3792300000000006,1.3797500000000007,1.3792000000000006,1.3796200000000005,14863
2026-06-01T02:00:00+00:00,1.3796200000000005,1.3799400000000006,1.3793700000000007,1.3796600000000006,7484
2026-06-01T03:00:00+00:00,1.3796600000000006,1.3801200000000007,1.3794500000000005,1.3800800000000006,5527
2026-06-01T04:00:00+00:00,1.3800800000000006,1.3801100000000006,1.3795800000000007,1.3796100000000007,2895
2026-06-01T05:00:00+00:00,1.3796100000000007,1.3797200000000005,1.3793900000000006,1.3796500000000005,4884
2026-06-01T06:00:00+00:00,1.3796500000000005,1.3796500000000005,1.3789200000000006,1.3791900000000006,8794
2026-06-01T07:00:00+00:00,1.3791900000000006,1.3807900000000006,1.3791800000000005,1.3801900000000007,9217
2026-06-01T08:00:00+00:00,1.3801900000000007,1.3806400000000005,1.3800600000000005,1.3802800000000006,7925
2026-06-01T09:00:00+00:00,1.3802800000000006,1.3810400000000005,1.3799600000000005,1.3806300000000007,9275
2026-06-01T10:00:00+00:00,1.3806300000000007,1.3812800000000005,1.3804700000000005,1.3811600000000006,8319
2026-06-01T11:00:00+00:00,1.3811600000000006,1.3823000000000005,1.3811600000000006,1.3818400000000006,7806
2026-06-01T12:00:00+00:00,1.3818400000000006,1.3826100000000006,1.3811700000000007,1.3813900000000006,12552
2026-06-01T13:00:00+00:00,1.3813900000000006,1.3836600000000006,1.3813900000000006,1.3830200000000006,25396
2026-06-01T14:00:00+00:00,1.3830200000000006,1.3837100000000007,1.3828000000000007,1.3828800000000006,16070
2026-06-01T15:00:00+00:00,1.3828800000000006,1.3829900000000006,1.3814500000000005,1.3825800000000006,13463
2026-06-01T16:00:00+00:00,1.3825800000000006,1.3831200000000006,1.3815200000000005,1.3816100000000007,11047
2026-06-01T17:00:00+00:00,1.3816100000000007,1.3820200000000007,1.3815000000000006,1.3819300000000005,9579
2026-06-01T18:00:00+00:00,1.3819300000000005,1.3829800000000005,1.3818900000000005,1.3829400000000005,6190
2026-06-01T19:00:00+00:00,1.3829400000000005,1.3830600000000006,1.3822700000000006,1.3825800000000006,5783
2026-06-01T20:00:00+00:00,1.3825800000000006,1.3829800000000005,1.3823700000000005,1.3827800000000006,4928
2026-06-01T21:00:00+00:00,1.3827800000000006,1.3828000000000007,1.3819000000000006,1.3820300000000008,1797.2246200377417
2026-06-01T22:00:00+00:00,1.3820300000000008,1.3830600000000006,1.3820300000000008,1.3828000000000007,1316
2026-06-01T23:00:00+00:00,1.3828000000000007,1.3830900000000006,1.3826800000000006,1.3828900000000006,1891
2026-06-02T00:00:00+00:00,1.3828900000000006,1.3833200000000005,1.3827800000000006,1.3832400000000007,4051
2026-06-02T01:00:00+00:00,1.3832400000000007,1.3835900000000008,1.3830400000000007,1.3834500000000007,5746
2026-06-02T02:00:00+00:00,1.3834500000000007,1.3835300000000006,1.3832900000000006,1.3835000000000006,5161
2026-06-02T03:00:00+00:00,1.3835000000000006,1.3835000000000006,1.3832100000000007,1.3832300000000006,4518
2026-06-02T04:00:00+00:00,1.3832300000000006,1.3833700000000007,1.3832000000000007,1.3832400000000007,4127
2026-06-02T05:00:00+00:00,1.3832400000000007,1.3833600000000006,1.3830200000000006,1.3833300000000006,3383
2026-06-02T06:00:00+00:00,1.3833300000000006,1.3834200000000008,1.3823300000000007,1.3824700000000008,10120
2026-06-02T07:00:00+00:00,1.3824700000000008,1.3829400000000007,1.3823100000000006,1.3827700000000007,10831
2026-06-02T08:00:00+00:00,1.3827700000000007,1.3836200000000007,1.3824100000000006,1.3835400000000007,6750
2026-06-02T09:00:00+00:00,1.3835400000000007,1.3842100000000006,1.3835100000000007,1.3838100000000007,8600
2026-06-02T10:00:00+00:00,1.3838100000000007,1.3841600000000007,1.3835600000000006,1.3840400000000006,9833
2026-06-02T11:00:00+00:00,1.3840400000000006,1.3841800000000006,1.3828000000000007,1.3828800000000006,8012
2026-06-02T12:00:00+00:00,1.3828800000000006,1.3834000000000006,1.3823400000000006,1.3824700000000008,8833
2026-06-02T13:00:00+00:00,1.3824700000000008,1.3825400000000005,1.3802700000000006,1.3818400000000006,17100
2026-06-02T14:00:00+00:00,1.3818400000000006,1.3831400000000007,1.3813000000000006,1.3819400000000006,18013
2026-06-02T15:00:00+00:00,1.3819400000000006,1.3823000000000008,1.3810700000000007,1.3811200000000006,10919
2026-06-02T16:00:00+00:00,1.3811200000000006,1.3822300000000007,1.3810700000000007,1.3820900000000007,8689
2026-06-02T17:00:00+00:00,1.3820900000000007,1.3827500000000006,1.3819700000000006,1.3826700000000007,6428
2026-06-02T18:00:00+00:00,1.3826700000000007,1.3828500000000006,1.3817100000000007,1.3819400000000006,7143
2026-06-02T19:00:00+00:00,1.3819400000000006,1.3824900000000007,1.3818400000000006,1.3823800000000006,4850
2026-06-02T20:00:00+00:00,1.3823800000000006,1.3827700000000007,1.3821700000000006,1.3826700000000007,4169
2026-06-02T21:00:00+00:00,1.3826700000000007,1.3831100000000007,1.3818100000000009,1.382700000000001,1593.5566025543706
2026-06-02T22:00:00+00:00,1.382700000000001,1.383510000000001,1.382440000000001,1.383390000000001,1165
2026-06-02T23:00:00+00:00,1.383390000000001,1.383960000000001,1.383210000000001,1.383850000000001,3871
2026-06-03T00:00:00+00:00,1.383850000000001,1.3839800000000009,1.383140000000001,1.383380000000001,5050
2026-06-03T01:00:00+00:00,1.383380000000001,1.383480000000001,1.3829300000000009,1.383290000000001,4459
2026-06-03T02:00:00+00:00,1.383290000000001,1.383970000000001,1.383020000000001,1.383730000000001,5001
2026-06-03T03:00:00+00:00,1.383730000000001,1.384070000000001,1.383620000000001,1.384060000000001,3726
2026-06-03T04:00:00+00:00,1.384060000000001,1.3843200000000009,1.383960000000001,1.384140000000001,4338
2026-06-03T05:00:00+00:00,1.384140000000001,1.384750000000001,1.384090000000001,1.384410000000001,4828
2026-06-03T06:00:00+00:00,1.384410000000001,1.385150000000001,1.3841500000000009,1.3845200000000009,11358
2026-06-03T07:00:00+00:00,1.3845200000000009,1.384940000000001,1.3839100000000009,1.384430000000001,14693
2026-06-03T08:00:00+00:00,1.384430000000001,1.3852300000000008,1.384210000000001,1.385020000000001,9732
2026-06-03T09:00:00+00:00,1.385020000000001,1.385110000000001,1.384430000000001,1.384990000000001,9423
2026-06-03T10:00:00+00:00,1.384990000000001,1.385010000000001,1.384000000000001,1.384510000000001,9377
2026-06-03T11:00:00+00:00,1.384510000000001,1.384840000000001,1.384290000000001,1.384720000000001,9167
2026-06-03T12:00:00+00:00,1.384720000000001,1.386300000000001,1.384670000000001,1.386050000000001,11500
2026-06-03T13:00:00+00:00,1.386050000000001,1.3869300000000009,1.385620000000001,1.386660000000001,15949
2026-06-03T14:00:00+00:00,1.386660000000001,1.387280000000001,1.3858100000000009,1.387180000000001,17035
2026-06-03T15:00:00+00:00,1.387180000000001,1.388570000000001,1.387110000000001,1.3884500000000009,14791
2026-06-03T16:00:00+00:00,1.3884500000000009,1.389150000000001,1.388440000000001,1.388710000000001,11620
2026-06-03T17:00:00+00:00,1.388710000000001,1.389020000000001,1.388220000000001,1.388920000000001,6402
2026-06-03T18:00:00+00:00,1.388920000000001,1.389270000000001,1.388560000000001,1.388820000000001,5301
2026-06-03T19:00:00+00:00,1.388820000000001,1.389000000000001,1.3885200000000009,1.3889600000000009,6803
2026-06-03T20:00:00+00:00,1.3889600000000009,1.389100000000001,1.3886200000000009,1.388910000000001,5497
2026-06-03T21:00:00+00:00,1.388910000000001,1.388910000000001,1.3880000000000008,1.3880400000000008,844.5591625473014
2026-06-03T22:00:00+00:00,1.3880400000000008,1.3892200000000008,1.3880400000000008,1.3884200000000007,2590.276346604215
2026-06-03T23:00:00+00:00,1.3884200000000007,1.3888400000000007,1.3882900000000007,1.3886300000000007,3031.247033179947
2026-06-04T00:00:00+00:00,1.3886300000000007,1.3887500000000006,1.3881900000000007,1.3886300000000007,7162
2026-06-04T01:00:00+00:00,1.3886300000000007,1.3890900000000006,1.3885400000000008,1.3889000000000007,6396
2026-06-04T02:00:00+00:00,1.3889000000000007,1.3896100000000007,1.3888900000000006,1.3890700000000007,5024
2026-06-04T03:00:00+00:00,1.3890700000000007,1.3896900000000008,1.3890600000000006,1.3893000000000006,5259
2026-06-04T04:00:00+00:00,1.3893000000000006,1.3897100000000007,1.3891400000000007,1.3896100000000007,4537
2026-06-04T05:00:00+00:00,1.3896100000000007,1.3901900000000007,1.3895500000000007,1.3896600000000008,5376
2026-06-04T06:00:00+00:00,1.3896600000000008,1.3905900000000007,1.3893900000000008,1.3902300000000007,11371
2026-06-04T07:00:00+00:00,1.3902300000000007,1.3917900000000007,1.3900000000000008,1.3915100000000007,12950
2026-06-04T08:00:00+00:00,1.3915100000000007,1.3915100000000007,1.3906600000000007,1.3909100000000008,10108
2026-06-04T09:00:00+00:00,1.3909100000000008,1.3909400000000007,1.3892200000000008,1.3892700000000007,12538
2026-06-04T10:00:00+00:00,1.3892700000000007,1.3896100000000007,1.3889400000000007,1.3892900000000008,10428
2026-06-04T11:00:00+00:00,1.3892900000000008,1.3892900000000008,1.3882500000000007,1.3887200000000006,11234
2026-06-04T12:00:00+00:00,1.3887200000000006,1.3890900000000006,1.3880600000000007,1.3883400000000008,13489
2026-06-04T13:00:00+00:00,1.3883400000000008,1.3887600000000007,1.3873500000000007,1.3879800000000007,16598
2026-06-04T14:00:00+00:00,1.3879800000000007,1.3890400000000007,1.3877600000000008,1.3886700000000007,14633
2026-06-04T15:00:00+00:00,1.3886700000000007,1.3897700000000006,1.3882800000000006,1.3883300000000007,12241
2026-06-04T16:00:00+00:00,1.3883300000000007,1.3891400000000007,1.3881900000000007,1.3889000000000007,10556
2026-06-04T17:00:00+00:00,1.3889000000000007,1.3895000000000006,1.3887900000000006,1.3893600000000006,7569
2026-06-04T18:00:00+00:00,1.3893600000000006,1.3894400000000007,1.3887800000000008,1.3891900000000006,7686
2026-06-04T19:00:00+00:00,1.3891900000000006,1.3897600000000008,1.3890200000000006,1.3896500000000007,6704
2026-06-04T20:00:00+00:00,1.3896500000000007,1.3904200000000007,1.3896300000000006,1.3900800000000006,3557
2026-06-04T21:00:00+00:00,1.3900800000000006,1.3901200000000002,1.3887600000000004,1.3890300000000004,2586.1636283303933
2026-06-04T22:00:00+00:00,1.3890300000000004,1.3899500000000002,1.3890300000000004,1.3898500000000003,1182
2026-06-04T23:00:00+00:00,1.3898500000000003,1.3899500000000002,1.3896800000000002,1.3897900000000003,3258
2026-06-05T00:00:00+00:00,1.3897900000000003,1.3899200000000003,1.3895300000000004,1.3897000000000004,5591
2026-06-05T01:00:00+00:00,1.3897000000000004,1.3902900000000002,1.3893600000000004,1.3894700000000004,6108
2026-06-05T02:00:00+00:00,1.3894700000000004,1.3895600000000004,1.3891100000000003,1.3892300000000004,3023
2026-06-05T03:00:00+00:00,1.3892300000000004,1.3896500000000003,1.3891700000000002,1.3895800000000003,3626
2026-06-05T04:00:00+00:00,1.3895800000000003,1.3896200000000003,1.3893100000000003,1.3894500000000003,3199
2026-06-05T05:00:00+00:00,1.3894500000000003,1.3896600000000003,1.3892700000000002,1.3896200000000003,3082
2026-06-05T06:00:00+00:00,1.3896200000000003,1.3899800000000004,1.3887700000000003,1.3890300000000004,6751
2026-06-05T07:00:00+00:00,1.3890300000000004,1.3891200000000004,1.3874200000000003,1.3878300000000003,11443
2026-06-05T08:00:00+00:00,1.3878300000000003,1.3880800000000004,1.3873300000000004,1.3879200000000003,11521
2026-06-05T09:00:00+00:00,1.3879200000000003,1.3880100000000004,1.3863600000000003,1.3866000000000003,10465
2026-06-05T10:00:00+00:00,1.3866000000000003,1.3867700000000003,1.3858600000000003,1.3867100000000003,7000
2026-06-05T11:00:00+00:00,1.3867100000000003,1.3873700000000004,1.3866700000000003,1.3870400000000003,8761
2026-06-05T12:00:00+00:00,1.3870400000000003,1.3886100000000003,1.3856800000000002,1.3885300000000003,18253
2026-06-05T13:00:00+00:00,1.3885300000000003,1.3895100000000002,1.3878600000000003,1.3894400000000002,23948
2026-06-05T14:00:00+00:00,1.3894400000000002,1.3910200000000004,1.3890000000000002,1.3907700000000003,19205
2026-06-05T15:00:00+00:00,1.3907700000000003,1.3929300000000004,1.3904200000000004,1.3923400000000004,15469
2026-06-05T16:00:00+00:00,1.3923400000000004,1.3934800000000003,1.3922400000000004,1.3927100000000003,11745
2026-06-05T17:00:00+00:00,1.3927100000000003,1.3934600000000004,1.3925900000000004,1.3933400000000002,12434
2026-06-05T18:00:00+00:00,1.3933400000000002,1.3940400000000004,1.3932300000000004,1.3940400000000004,8289.806208842898
2026-06-05T19:00:00+00:00,1.3940400000000004,1.3941400000000004,1.3931200000000004,1.3933500000000005,7402
2026-06-05T20:00:00+00:00,1.3933500000000005,1.3941000000000006,1.3925300000000005,1.3927400000000005,4183.840862563123
2026-06-07T21:00:00+00:00,1.3927400000000005,1.3929400000000007,1.391930000000001,1.3924400000000008,4380.526017443635
2026-06-07T22:00:00+00:00,1.3924400000000008,1.3942800000000006,1.3924400000000008,1.3942400000000008,4138
2026-06-07T23:00:00+00:00,1.3942400000000008,1.3942600000000007,1.3934300000000006,1.3935700000000006,5645
2026-06-08T00:00:00+00:00,1.3935700000000006,1.3936700000000006,1.3928800000000008,1.3929000000000007,5956
2026-06-08T01:00:00+00:00,1.3929000000000007,1.3942600000000007,1.3928700000000007,1.3937200000000007,13144
2026-06-08T02:00:00+00:00,1.3937200000000007,1.3941700000000008,1.3934800000000007,1.3937100000000007,7375
2026-06-08T03:00:00+00:00,1.3937100000000007,1.3940300000000008,1.3936100000000007,1.3936100000000007,4710
2026-06-08T04:00:00+00:00,1.3936100000000007,1.3938000000000008,1.3933000000000006,1.3934100000000007,4964
2026-06-08T05:00:00+00:00,1.3934100000000007,1.3939300000000008,1.3926500000000006,1.3937400000000006,10423
2026-06-08T06:00:00+00:00,1.3937400000000006,1.3940400000000006,1.3933100000000007,1.3936100000000007,14732
2026-06-08T07:00:00+00:00,1.3936100000000007,1.3942000000000008,1.3927600000000007,1.3941900000000007,14947
2026-06-08T08:00:00+00:00,1.3941900000000007,1.3942800000000006,1.3936700000000006,1.3941600000000007,11268
2026-06-08T09:00:00+00:00,1.3941600000000007,1.3944300000000007,1.3934500000000007,1.3937500000000007,11670
2026-06-08T10:00:00+00:00,1.3937500000000007,1.3939400000000006,1.3930700000000007,1.3932700000000007,10194
2026-06-08T11:00:00+00:00,1.3932700000000007,1.3934500000000007,1.3920400000000006,1.3928900000000006,10527
2026-06-08T12:00:00+00:00,1.3928900000000006,1.3929300000000007,1.3916700000000006,1.3921900000000007,12306
2026-06-08T13:00:00+00:00,1.3921900000000007,1.3934300000000006,1.3917400000000006,1.3930600000000006,16907
2026-06-08T14:00:00+00:00,1.3930600000000006,1.3940900000000007,1.3926500000000006,1.3932800000000007,19860
2026-06-08T15:00:00+00:00,1.3932800000000007,1.3944300000000007,1.3927900000000006,1.3941100000000006,16512
2026-06-08T16:00:00+00:00,1.3941100000000006,1.3944700000000008,1.3939100000000006,1.3944300000000007,9402
2026-06-08T17:00:00+00:00,1.3944300000000007,1.3951600000000006,1.3942800000000006,1.3943400000000008,11015
2026-06-08T18:00:00+00:00,1.3943400000000008,1.3947100000000008,1.3936300000000008,1.3946200000000006,9092
2026-06-08T19:00:00+00:00,1.3946200000000006,1.3947000000000007,1.3940800000000007,1.3942400000000008,9527
2026-06-08T20:00:00+00:00,1.3942400000000008,1.3944900000000007,1.3940300000000008,1.3942300000000007,4390
2026-06-08T21:00:00+00:00,1.3942300000000007,1.3942300000000007,1.3923000000000012,1.3923800000000013,7170.7567243968
2026-06-08T22:00:00+00:00,1.3923800000000013,1.3940700000000013,1.3923800000000013,1.3938300000000012,1616.7057130522378
2026-06-08T23:00:00+00:00,1.3938300000000012,1.3944700000000012,1.3938300000000012,1.3944400000000012,2579
2026-06-09T00:00:00+00:00,1.3944400000000012,1.3946000000000012,1.3938700000000013,1.3939200000000012,9118
2026-06-09T01:00:00+00:00,1.3939200000000012,1.3942600000000012,1.3932400000000011,1.3932600000000013,8287
2026-06-09T02:00:00+00:00,1.3932600000000013,1.3935000000000013,1.3931300000000013,1.3933800000000012,6161
2026-06-09T03:00:00+00:00,1.3933800000000012,1.3937300000000012,1.3931900000000013,1.3934400000000011,5022
2026-06-09T04:00:00+00:00,1.3934400000000011,1.3935900000000012,1.3929000000000011,1.3930600000000013,4818
2026-06-09T05:00:00+00:00,1.3930600000000013,1.3934000000000013,1.392250000000001,1.3923500000000013,6286
2026-06-09T06:00:00+00:00,1.3923500000000013,1.3925100000000012,1.3916800000000011,1.3923300000000012,9446
2026-06-09T07:00:00+00:00,1.3923300000000012,1.392760000000001,1.3922300000000012,1.3925400000000012,11759
2026-06-09T08:00:00+00:00,1.3925400000000012,1.3930500000000012,1.3924000000000012,1.3924500000000013,10509
2026-06-09T09:00:00+00:00,1.3924500000000013,1.3925200000000013,1.391980000000001,1.3923200000000011,6935
2026-06-09T10:00:00+00:00,1.3923200000000011,1.3925300000000012,1.3918200000000012,1.3919700000000013,6379
2026-06-09T11:00:00+00:00,1.3919700000000013,1.3921100000000013,1.3906300000000011,1.3908000000000011,7959
2026-06-09T12:00:00+00:00,1.3908000000000011,1.3910800000000012,1.3905300000000012,1.3908100000000012,8653
2026-06-09T13:00:00+00:00,1.3908100000000012,1.392590000000001,1.3906700000000012,1.3924900000000011,12847
2026-06-09T14:00:00+00:00,1.3924900000000011,1.3943400000000012,1.3920300000000012,1.3933900000000012,20192
2026-06-09T15:00:00+00:00,1.3933900000000012,1.3950200000000013,1.3928300000000011,1.3944800000000013,20076
2026-06-09T16:00:00+00:00,1.3944800000000013,1.3955800000000012,1.3941800000000013,1.3947300000000011,21476
2026-06-09T17:00:00+00:00,1.3947300000000011,1.3948900000000013,1.3937600000000012,1.3938900000000012,16396
2026-06-09T18:00:00+00:00,1.3938900000000012,1.3941900000000012,1.3934500000000012,1.3939000000000012,11125
2026-06-09T19:00:00+00:00,1.3939000000000012,1.3943100000000013,1.3933800000000012,1.3933800000000012,11772
2026-06-09T20:00:00+00:00,1.3933800000000012,1.3938200000000012,1.3931900000000013,1.3934500000000012,5924
2026-06-09T21:00:00+00:00,1.3934500000000012,1.3934500000000012,1.392510000000001,1.393010000000001,583.976475911072
2026-06-09T22:00:00+00:00,1.393010000000001,1.393960000000001,1.3929600000000009,1.393960000000001,1997
2026-06-09T23:00:00+00:00,1.393960000000001,1.394270000000001,1.393690000000001,1.393930000000001,3523
2026-06-10T00:00:00+00:00,1.393930000000001,1.394310000000001,1.393360000000001,1.393460000000001,10083
2026-06-10T01:00:00+00:00,1.393460000000001,1.394030000000001,1.393410000000001,1.393730000000001,10679
2026-06-10T02:00:00+00:00,1.393730000000001,1.393760000000001,1.3932000000000009,1.393660000000001,6511
2026-06-10T03:00:00+00:00,1.393660000000001,1.393690000000001,1.393060000000001,1.3932000000000009,5021
2026-06-10T04:00:00+00:00,1.3932000000000009,1.393560000000001,1.3931300000000009,1.393350000000001,4556
2026-06-10T05:00:00+00:00,1.393350000000001,1.393520000000001,1.392680000000001,1.392820000000001,5890
2026-06-10T06:00:00+00:00,1.392820000000001,1.392940000000001,1.392260000000001,1.392810000000001,8168
2026-06-10T07:00:00+00:00,1.392810000000001,1.393050000000001,1.391840000000001,1.392330000000001,10759
2026-06-10T08:00:00+00:00,1.392330000000001,1.3926200000000009,1.391520000000001,1.391800000000001,13217
2026-06-10T09:00:00+00:00,1.391800000000001,1.392110000000001,1.390970000000001,1.391250000000001,9101
2026-06-10T10:00:00+00:00,1.391250000000001,1.391680000000001,1.391140000000001,1.391670000000001,8164
2026-06-10T11:00:00+00:00,1.391670000000001,1.392120000000001,1.391240000000001,1.391930000000001,12192
2026-06-10T12:00:00+00:00,1.391930000000001,1.392290000000001,1.390870000000001,1.392220000000001,13798
2026-06-10T13:00:00+00:00,1.392220000000001,1.392450000000001,1.388480000000001,1.390160000000001,20156
2026-06-10T14:00:00+00:00,1.390160000000001,1.391500000000001,1.389790000000001,1.3914000000000009,21454
2026-06-10T15:00:00+00:00,1.3914000000000009,1.3924200000000009,1.390800000000001,1.391520000000001,24470
2026-06-10T16:00:00+00:00,1.391520000000001,1.391820000000001,1.391080000000001,1.391710000000001,17439
2026-06-10T17:00:00+00:00,1.391710000000001,1.392160000000001,1.391390000000001,1.391610000000001,11542
2026-06-10T18:00:00+00:00,1.391610000000001,1.392290000000001,1.3911300000000009,1.392260000000001,10256
2026-06-10T19:00:00+00:00,1.392260000000001,1.393150000000001,1.3921500000000009,1.393120000000001,10234
2026-06-10T20:00:00+00:00,1.393120000000001,1.393620000000001,1.392740000000001,1.392810000000001,6269
2026-06-10T21:00:00+00:00,1.392810000000001,1.3929200000000008,1.392320000000001,1.3926500000000006,859.1633419262063
2026-06-10T22:00:00+00:00,1.3926500000000006,1.3934800000000007,1.3926500000000006,1.3931400000000007,2495
2026-06-10T23:00:00+00:00,1.3931400000000007,1.3936500000000007,1.3930100000000007,1.3933400000000007,4463.077371382637
2026-06-11T00:00:00+00:00,1.3933400000000007,1.3933400000000007,1.3926000000000007,1.3926500000000008,6332
2026-06-11T01:00:00+00:00,1.3926500000000008,1.3926900000000009,1.3917600000000008,1.3919100000000009,5620
2026-06-11T02:00:00+00:00,1.3919100000000009,1.3924800000000008,1.3918900000000007,1.3924300000000007,4212
2026-06-11T03:00:00+00:00,1.3924300000000007,1.3926000000000007,1.3921700000000008,1.3924700000000008,3858
2026-06-11T04:00:00+00:00,1.3924700000000008,1.3926400000000008,1.3922300000000007,1.3924500000000009,3084
2026-06-11T05:00:00+00:00,1.3924500000000009,1.3928800000000008,1.3921400000000008,1.3928300000000007,3301
2026-06-11T06:00:00+00:00,1.3928300000000007,1.3942600000000007,1.3928200000000008,1.3941300000000008,5236
2026-06-11T07:00:00+00:00,1.3941300000000008,1.3950200000000008,1.3940100000000009,1.3948700000000007,7435
2026-06-11T08:00:00+00:00,1.3948700000000007,1.3962800000000009,1.3948600000000009,1.3962600000000007,6659
2026-06-11T09:00:00+00:00,1.3962600000000007,1.3966700000000007,1.3959600000000008,1.3963800000000008,7788
2026-06-11T10:00:00+00:00,1.3963800000000008,1.3969800000000008,1.3962500000000009,1.3965500000000008,5794
2026-06-11T11:00:00+00:00,1.3965500000000008,1.396760000000001,1.3959800000000009,1.3963600000000007,6944
2026-06-11T12:00:00+00:00,1.3963600000000007,1.3975900000000008,1.3962300000000007,1.3971700000000007,14094
2026-06-11T13:00:00+00:00,1.3971700000000007,1.3987300000000007,1.3970700000000007,1.3987000000000007,14842
2026-06-11T14:00:00+00:00,1.3987000000000007,1.4010200000000008,1.3986900000000009,1.4002900000000007,16154
2026-06-11T15:00:00+00:00,1.4002900000000007,1.4005000000000007,1.3984500000000009,1.3991000000000007,13942
2026-06-11T16:00:00+00:00,1.3991000000000007,1.3995700000000009,1.3988200000000008,1.3992400000000007,9215
2026-06-11T17:00:00+00:00,1.3992400000000007,1.4001900000000007,1.3958000000000008,1.3969100000000008,19275
2026-06-11T18:00:00+00:00,1.3969100000000008,1.3974500000000007,1.3960300000000008,1.3966600000000007,15112
2026-06-11T19:00:00+00:00,1.3966600000000007,1.3966900000000009,1.3939300000000008,1.3945500000000008,15157
2026-06-11T20:00:00+00:00,1.3945500000000008,1.3954600000000008,1.3942000000000008,1.3952100000000007,6214
2026-06-11T21:00:00+00:00,1.3952100000000007,1.395500000000001,1.393870000000001,1.395350000000001,1564.5622301434869
2026-06-11T22:00:00+00:00,1.395350000000001,1.395890000000001,1.394980000000001,1.395130000000001,1875
2026-06-11T23:00:00+00:00,1.395130000000001,1.396200000000001,1.394890000000001,1.396080000000001,4903
2026-06-12T00:00:00+00:00,1.396080000000001,1.396570000000001,1.395900000000001,1.396470000000001,11140
2026-06-12T01:00:00+00:00,1.396470000000001,1.396790000000001,1.396440000000001,1.396700000000001,6492
2026-06-12T02:00:00+00:00,1.396700000000001,1.396740000000001,1.396230000000001,1.396540000000001,8818
2026-06-12T03:00:00+00:00,1.396540000000001,1.396610000000001,1.395910000000001,1.396030000000001,10417
2026-06-12T04:00:00+00:00,1.396030000000001,1.3963200000000011,1.395860000000001,1.3961200000000011,7909
2026-06-12T05:00:00+00:00,1.3961200000000011,1.3973400000000011,1.395960000000001,1.397290000000001,8863
2026-06-12T06:00:00+00:00,1.397290000000001,1.397290000000001,1.396130000000001,1.396340000000001,12200
2026-06-12T07:00:00+00:00,1.396340000000001,1.398340000000001,1.396260000000001,1.397530000000001,17430
2026-06-12T08:00:00+00:00,1.397530000000001,1.397690000000001,1.396110000000001,1.397130000000001,18007
2026-06-12T09:00:00+00:00,1.397130000000001,1.397570000000001,1.396270000000001,1.3969300000000011,14063
2026-06-12T10:00:00+00:00,1.3969300000000011,1.397820000000001,1.396620000000001,1.3973700000000011,12963
2026-06-12T11:00:00+00:00,1.3973700000000011,1.397890000000001,1.3967600000000011,1.397660000000001,11188
2026-06-12T12:00:00+00:00,1.397660000000001,1.398160000000001,1.396890000000001,1.3970700000000011,12575
2026-06-12T13:00:00+00:00,1.3970700000000011,1.3975400000000011,1.3961500000000011,1.396870000000001,19392
2026-06-12T14:00:00+00:00,1.396870000000001,1.397210000000001,1.395480000000001,1.395550000000001,21599
2026-06-12T15:00:00+00:00,1.395550000000001,1.396030000000001,1.394670000000001,1.395870000000001,18660
2026-06-12T16:00:00+00:00,1.395870000000001,1.396630000000001,1.395360000000001,1.396010000000001,16505
2026-06-12T17:00:00+00:00,1.396010000000001,1.396610000000001,1.395740000000001,1.3965600000000011,11202
2026-06-12T18:00:00+00:00,1.3965600000000011,1.3969300000000011,1.396360000000001,1.396650000000001,8720
2026-06-12T19:00:00+00:00,1.396650000000001,1.3972700000000011,1.396270000000001,1.396920000000001,6965
2026-06-12T20:00:00+00:00,1.396920000000001,1.3978800000000011,1.396860000000001,1.3974800000000012,2938.1344937833037
2026-06-14T21:00:00+00:00,1.3974800000000012,1.3976200000000012,1.3952000000000009,1.3955600000000012,3060.9469544955164
2026-06-14T22:00:00+00:00,1.3955600000000012,1.3962900000000014,1.3949600000000013,1.3954800000000014,4033
2026-06-14T23:00:00+00:00,1.3954800000000014,1.3960400000000013,1.3953700000000013,1.3958600000000014,4105
2026-06-15T00:00:00+00:00,1.3958600000000014,1.3965000000000014,1.3951600000000013,1.3964900000000013,8435
2026-06-15T01:00:00+00:00,1.3964900000000013,1.3971000000000013,1.3964600000000014,1.3967500000000013,8057
2026-06-15T02:00:00+00:00,1.3967500000000013,1.3970600000000013,1.3963200000000013,1.3963800000000013,6732
2026-06-15T03:00:00+00:00,1.3963800000000013,1.3965200000000013,1.3959100000000013,1.3960800000000013,5774
2026-06-15T04:00:00+00:00,1.3960800000000013,1.3962400000000013,1.3955200000000014,1.3955700000000013,5244
2026-06-15T05:00:00+00:00,1.3955700000000013,1.3955700000000013,1.3945000000000014,1.3952300000000013,6350
2026-06-15T06:00:00+00:00,1.3952300000000013,1.3972800000000014,1.3952000000000013,1.3966500000000013,10444
2026-06-15T07:00:00+00:00,1.3966500000000013,1.3975500000000014,1.3965800000000013,1.3971900000000013,12081
2026-06-15T08:00:00+00:00,1.3971900000000013,1.3973000000000013,1.3963200000000013,1.3968900000000013,8992
2026-06-15T09:00:00+00:00,1.3968900000000013,1.3969200000000013,1.3962200000000013,1.3967400000000014,8631
2026-06-15T10:00:00+00:00,1.3967400000000014,1.3970800000000014,1.3961200000000014,1.3964900000000013,8308
2026-06-15T11:00:00+00:00,1.3964900000000013,1.3977400000000013,1.3962700000000012,1.3977400000000013,10593
2026-06-15T12:00:00+00:00,1.3977400000000013,1.3978600000000014,1.3965200000000013,1.3967800000000012,9101
2026-06-15T13:00:00+00:00,1.3967800000000012,1.3978600000000014,1.3967000000000014,1.3972900000000013,9881
2026-06-15T14:00:00+00:00,1.3972900000000013,1.3987200000000013,1.3964900000000013,1.3968600000000013,14075
2026-06-15T15:00:00+00:00,1.3968600000000013,1.3983400000000012,1.3966300000000014,1.3978600000000014,10414
2026-06-15T16:00:00+00:00,1.3978600000000014,1.3982600000000014,1.3975600000000012,1.3976000000000013,8563
2026-06-15T17:00:00+00:00,1.3976000000000013,1.3980200000000014,1.3974800000000014,1.3976900000000014,7184
2026-06-15T18:00:00+00:00,1.3976900000000014,1.3982200000000014,1.3975600000000012,1.3981200000000014,7793
2026-06-15T19:00:00+00:00,1.3981200000000014,1.3988500000000013,1.3977300000000012,1.3987300000000014,8604
2026-06-15T20:00:00+00:00,1.3987300000000014,1.3988600000000013,1.3982400000000013,1.3984400000000012,3675
2026-06-15T21:00:00+00:00,1.3984400000000012,1.3986600000000016,1.3976500000000014,1.3977800000000016,2425.7187754502156
2026-06-15T22:00:00+00:00,1.3977800000000016,1.3990700000000014,1.3977800000000016,1.3987900000000015,1133.8567115652577
2026-06-15T23:00:00+00:00,1.3987900000000015,1.3988600000000015,1.3984500000000015,1.3987700000000014,1359
2026-06-16T00:00:00+00:00,1.3987700000000014,1.3990800000000014,1.3985900000000013,1.3986300000000014,5910
2026-06-16T01:00:00+00:00,1.3986300000000014,1.3990500000000015,1.3984500000000015,1.3990500000000015,7963
2026-06-16T02:00:00+00:00,1.3990500000000015,1.3995100000000014,1.3989000000000014,1.3990100000000014,7854
2026-06-16T03:00:00+00:00,1.3990100000000014,1.3995200000000014,1.3989800000000014,1.3993800000000014,7126
2026-06-16T04:00:00+00:00,1.3993800000000014,1.4011800000000014,1.3993500000000014,1.4006400000000014,6897
2026-06-16T05:00:00+00:00,1.4006400000000014,1.4011100000000014,1.4003700000000014,1.4009800000000014,6684
2026-06-16T06:00:00+00:00,1.4009800000000014,1.4013400000000014,1.4002100000000015,1.4004100000000015,9729
2026-06-16T07:00:00+00:00,1.4004100000000015,1.4007100000000015,1.3997500000000014,1.3999700000000015,11207
2026-06-16T08:00:00+00:00,1.3999700000000015,1.4007500000000015,1.3996800000000014,1.3998200000000014,7355
2026-06-16T09:00:00+00:00,1.3998200000000014,1.4000300000000014,1.3995700000000015,1.3999100000000015,7148
2026-06-16T10:00:00+00:00,1.3999100000000015,1.3999300000000015,1.3987200000000015,1.3989900000000015,8561
2026-06-16T11:00:00+00:00,1.3989900000000015,1.4002800000000015,1.3989900000000015,1.4002300000000014,7402
2026-06-16T12:00:00+00:00,1.4002300000000014,1.4010800000000014,1.4001800000000015,1.4007700000000014,8210
2026-06-16T13:00:00+00:00,1.4007700000000014,1.4010900000000015,1.3994000000000015,1.3998200000000014,10993
2026-06-16T14:00:00+00:00,1.3998200000000014,1.4000600000000014,1.3979800000000013,1.3980900000000014,14002
2026-06-16T15:00:00+00:00,1.3980900000000014,1.3989900000000015,1.3975100000000014,1.3978000000000015,12119
2026-06-16T16:00:00+00:00,1.3978000000000015,1.3983700000000014,1.3975500000000014,1.3981000000000015,9443
2026-06-16T17:00:00+00:00,1.3981000000000015,1.3990500000000015,1.3978900000000014,1.3989600000000015,7478
2026-06-16T18:00:00+00:00,1.3989600000000015,1.3990800000000014,1.3986800000000015,1.3987900000000015,5550
2026-06-16T19:00:00+00:00,1.3987900000000015,1.3994800000000014,1.3983700000000014,1.3994100000000014,6519
2026-06-16T20:00:00+00:00,1.3994100000000014,1.3997700000000015,1.3988400000000014,1.3989300000000013,3592
2026-06-16T21:00:00+00:00,1.3989300000000013,1.3989300000000013,1.3979200000000014,1.3985200000000013,1151.058693187155
2026-06-16T22:00:00+00:00,1.3985200000000013,1.3988300000000014,1.3984600000000014,1.3987700000000014,1962
2026-06-16T23:00:00+00:00,1.3987700000000014,1.3991700000000014,1.3986000000000014,1.3991600000000013,1536
2026-06-17T00:00:00+00:00,1.3991600000000013,1.3993300000000013,1.3985300000000014,1.3987600000000013,10925
2026-06-17T01:00:00+00:00,1.3987600000000013,1.3994300000000013,1.3987200000000013,1.3991600000000013,5718
2026-06-17T02:00:00+00:00,1.3991600000000013,1.3994600000000013,1.3989200000000013,1.3994600000000013,3871
2026-06-17T03:00:00+00:00,1.3994600000000013,1.3996700000000013,1.3992800000000014,1.3996600000000012,3913
2026-06-17T04:00:00+00:00,1.3996600000000012,1.3996700000000013,1.3991200000000013,1.3992200000000012,3757
2026-06-17T05:00:00+00:00,1.3992200000000012,1.3994500000000014,1.3990500000000012,1.3993800000000014,3225
2026-06-17T06:00:00+00:00,1.3993800000000014,1.4002500000000013,1.3993200000000012,1.4000800000000013,7128
2026-06-17T07:00:00+00:00,1.4000800000000013,1.4002000000000012,1.3991300000000013,1.3992400000000014,6789
2026-06-17T08:00:00+00:00,1.3992400000000014,1.4001500000000013,1.3991700000000014,1.3993900000000012,5916
2026-06-17T09:00:00+00:00,1.3993900000000012,1.3997500000000014,1.3990200000000013,1.3996500000000014,4575
2026-06-17T10:00:00+00:00,1.3996500000000014,1.4006700000000014,1.3995300000000013,1.4004900000000013,6445
2026-06-17T11:00:00+00:00,1.4004900000000013,1.4012100000000014,1.4004800000000013,1.4005500000000013,6841
2026-06-17T12:00:00+00:00,1.4005500000000013,1.4008300000000014,1.3999800000000013,1.4006700000000014,7690
2026-06-17T13:00:00+00:00,1.4006700000000014,1.4014500000000014,1.3999300000000012,1.4012100000000014,10527
2026-06-17T14:00:00+00:00,1.4012100000000014,1.4016600000000012,1.4004300000000014,1.4015700000000013,13029
2026-06-17T15:00:00+00:00,1.4015700000000013,1.4028500000000013,1.4013200000000012,1.4025300000000014,10263
2026-06-17T16:00:00+00:00,1.4025300000000014,1.4031600000000013,1.4024600000000014,1.4025800000000013,6598
2026-06-17T17:00:00+00:00,1.4025800000000013,1.4027400000000012,1.4022400000000013,1.4024500000000013,7216
2026-06-17T18:00:00+00:00,1.4024500000000013,1.4067400000000012,1.4023100000000013,1.4065700000000012,32016
2026-06-17T19:00:00+00:00,1.4065700000000012,1.4117800000000014,1.4062100000000013,1.4112600000000013,35661
2026-06-17T20:00:00+00:00,1.4112600000000013,1.4114000000000013,1.4090700000000014,1.4094200000000012,9523
2026-06-17T21:00:00+00:00,1.4094200000000012,1.4094200000000012,1.408620000000001,1.4087400000000012,1320.3131564997407
2026-06-17T22:00:00+00:00,1.4087400000000012,1.4093400000000011,1.4087400000000012,1.4092200000000012,2213.2230347349177
2026-06-17T23:00:00+00:00,1.4092200000000012,1.409840000000001,1.4091100000000012,1.4096400000000011,3122.5447409733124
2026-06-18T00:00:00+00:00,1.4096400000000011,1.4097500000000012,1.408890000000001,1.4091900000000013,10971
2026-06-18T01:00:00+00:00,1.4091900000000013,1.4099300000000012,1.4089500000000013,1.4098100000000011,8068
2026-06-18T02:00:00+00:00,1.4098100000000011,1.4103900000000011,1.4090800000000012,1.409600000000001,6365
2026-06-18T03:00:00+00:00,1.409600000000001,1.4096800000000012,1.4092000000000011,1.4094600000000013,5685
2026-06-18T04:00:00+00:00,1.4094600000000013,1.4097000000000013,1.4091800000000012,1.4096300000000013,8712
2026-06-18T05:00:00+00:00,1.4096300000000013,1.4106800000000013,1.4094900000000012,1.4105800000000013,4182
2026-06-18T06:00:00+00:00,1.4105800000000013,1.4107400000000012,1.4095600000000013,1.409840000000001,7695
2026-06-18T07:00:00+00:00,1.409840000000001,1.410690000000001,1.4092700000000011,1.4097800000000011,9498
2026-06-18T08:00:00+00:00,1.4097800000000011,1.4117100000000011,1.4096600000000012,1.411600000000001,10377
2026-06-18T09:00:00+00:00,1.411600000000001,1.4119800000000011,1.4111200000000013,1.4118600000000012,11597
2026-06-18T10:00:00+00:00,1.4118600000000012,1.4127300000000012,1.4112400000000012,1.411840000000001,10958
2026-06-18T11:00:00+00:00,1.411840000000001,1.4128800000000012,1.4115300000000013,1.4126300000000012,12078
2026-06-18T12:00:00+00:00,1.4126300000000012,1.4127400000000012,1.410520000000001,1.4111900000000013,13475
2026-06-18T13:00:00+00:00,1.4111900000000013,1.4119600000000012,1.410620000000001,1.4111700000000011,15212
2026-06-18T14:00:00+00:00,1.4111700000000011,1.412350000000001,1.4111500000000012,1.4114500000000012,15757
2026-06-18T15:00:00+00:00,1.4114500000000012,1.4141200000000012,1.4111900000000013,1.413840000000001,14115
2026-06-18T16:00:00+00:00,1.413840000000001,1.413940000000001,1.412790000000001,1.413160000000001,11038
2026-06-18T17:00:00+00:00,1.413160000000001,1.4138100000000011,1.4126100000000013,1.4136400000000011,8340
2026-06-18T18:00:00+00:00,1.4136400000000011,1.4139300000000012,1.4127500000000013,1.413430000000001,8682
2026-06-18T19:00:00+00:00,1.413430000000001,1.4138000000000013,1.4123400000000013,1.4131200000000013,11070
2026-06-18T20:00:00+00:00,1.4131200000000013,1.4133400000000012,1.4124100000000013,1.4131400000000012,6055
2026-06-18T21:00:00+00:00,1.4131400000000012,1.413910000000001,1.4128500000000013,1.4132800000000012,1293.0793095641607
2026-06-18T22:00:00+00:00,1.4132800000000012,1.4142200000000011,1.4132000000000011,1.4139300000000012,1183
2026-06-18T23:00:00+00:00,1.4139300000000012,1.4147300000000012,1.4138200000000012,1.414650000000001,1968
2026-06-19T00:00:00+00:00,1.414650000000001,1.4146800000000013,1.4141600000000012,1.414380000000001,6037
2026-06-19T01:00:00+00:00,1.414380000000001,1.4153700000000011,1.4143300000000012,1.4152900000000013,4301
2026-06-19T02:00:00+00:00,1.4152900000000013,1.4153000000000011,1.4145300000000012,1.4147500000000013,3774
2026-06-19T03:00:00+00:00,1.4147500000000013,1.4157100000000011,1.414720000000001,1.4156800000000012,4555
2026-06-19T04:00:00+00:00,1.4156800000000012,1.416310000000001,1.415400000000001,1.4162300000000012,5925
2026-06-19T05:00:00+00:00,1.4162300000000012,1.4164700000000012,1.4152700000000011,1.4154100000000012,7777
2026-06-19T06:00:00+00:00,1.4154100000000012,1.4154600000000013,1.4141000000000012,1.4146400000000012,9143
2026-06-19T07:00:00+00:00,1.4146400000000012,1.4154500000000012,1.4142400000000013,1.415160000000001,7907
2026-06-19T08:00:00+00:00,1.415160000000001,1.4152500000000012,1.4140000000000013,1.4140000000000013,8920
2026-06-19T09:00:00+00:00,1.4140000000000013,1.414720000000001,1.4139800000000011,1.4146700000000012,7638
2026-06-19T10:00:00+00:00,1.4146700000000012,1.4152100000000012,1.414480000000001,1.4150400000000012,8263
2026-06-19T11:00:00+00:00,1.4150400000000012,1.4157600000000012,1.4148300000000011,1.4154200000000012,6411
2026-06-19T12:00:00+00:00,1.4154200000000012,1.4162000000000012,1.415230000000001,1.4158300000000013,8223
2026-06-19T13:00:00+00:00,1.4158300000000013,1.417700000000001,1.4158100000000011,1.4173500000000012,8884
2026-06-19T14:00:00+00:00,1.4173500000000012,1.4183200000000011,1.4171700000000012,1.4182500000000011,9658
2026-06-19T15:00:00+00:00,1.4182500000000011,1.4188400000000012,1.417740000000001,1.4182900000000012,4960
2026-06-19T16:00:00+00:00,1.4182900000000012,1.4183900000000011,1.417770000000001,1.4181900000000012,3120
2026-06-19T17:00:00+00:00,1.4181900000000012,1.4182000000000012,1.4174600000000013,1.4178600000000012,6770
2026-06-19T18:00:00+00:00,1.4178600000000012,1.4181700000000013,1.4176600000000013,1.417950000000001,6754.346674814136
2026-06-19T19:00:00+00:00,1.417950000000001,1.4181100000000009,1.4176600000000008,1.4180200000000007,1520.451667589491
2026-06-19T20:00:00+00:00,1.4180200000000007,1.4183500000000009,1.4149900000000009,1.4153000000000007,3350.8891775594707
2026-06-21T21:00:00+00:00,1.4153000000000007,1.4153100000000005,1.4143700000000003,1.4146699999999996,909.548534486328
2026-06-21T22:00:00+00:00,1.4146699999999996,1.4167599999999996,1.4146699999999996,1.4166999999999996,2320
2026-06-21T23:00:00+00:00,1.4166999999999996,1.4167699999999999,1.4163099999999997,1.4164199999999998,2877.0483579935044
2026-06-22T00:00:00+00:00,1.4164199999999998,1.41664,1.4159499999999998,1.4161299999999999,4589
2026-06-22T01:00:00+00:00,1.4161299999999999,1.4169199999999997,1.4156999999999997,1.4168999999999998,7107
2026-06-22T02:00:00+00:00,1.4168999999999998,1.4171799999999999,1.4165499999999998,1.4167199999999998,5765
2026-06-22T03:00:00+00:00,1.4167199999999998,1.4176699999999998,1.4164999999999999,1.4175399999999998,5588
2026-06-22T04:00:00+00:00,1.4175399999999998,1.4180499999999998,1.41746,1.4177699999999998,5001
2026-06-22T05:00:00+00:00,1.4177699999999998,1.4177899999999999,1.4168599999999998,1.4177799999999998,5788
2026-06-22T06:00:00+00:00,1.4177799999999998,1.4183,1.4169399999999999,1.4172299999999998,10409
2026-06-22T07:00:00+00:00,1.4172299999999998,1.4172999999999998,1.4164199999999998,1.4167499999999997,7867
2026-06-22T08:00:00+00:00,1.4167499999999997,1.4172099999999999,1.4161299999999999,1.4169199999999997,9727
2026-06-22T09:00:00+00:00,1.4169199999999997,1.4169299999999998,1.4156399999999998,1.4160899999999998,7771
2026-06-22T10:00:00+00:00,1.4160899999999998,1.4162,1.4155299999999997,1.4161599999999999,7851
2026-06-22T11:00:00+00:00,1.4161599999999999,1.41678,1.4161199999999998,1.4161599999999999,6806
2026-06-22T12:00:00+00:00,1.4161599999999999,1.4161799999999998,1.4134299999999997,1.41454,10010
2026-06-22T13:00:00+00:00,1.41454,1.4167499999999997,1.4142299999999999,1.4158799999999998,14680
2026-06-22T14:00:00+00:00,1.4158799999999998,1.4159799999999998,1.4137099999999998,1.4140899999999998,19513
2026-06-22T15:00:00+00:00,1.4140899999999998,1.4161399999999997,1.4137499999999998,1.4158099999999998,13578
2026-06-22T16:00:00+00:00,1.4158099999999998,1.4158899999999999,1.4149299999999998,1.41539,8272
2026-06-22T17:00:00+00:00,1.41539,1.4157899999999999,1.4150599999999998,1.4150699999999998,5305
2026-06-22T18:00:00+00:00,1.4150699999999998,1.4152699999999998,1.41434,1.4146499999999997,4976
2026-06-22T19:00:00+00:00,1.4146499999999997,1.4155499999999999,1.41464,1.41498,5632
2026-06-22T20:00:00+00:00,1.41498,1.41549,1.41417,1.41417,3534
2026-06-22T21:00:00+00:00,1.41417,1.4152099999999999,1.4140599999999997,1.4149399999999999,1221.7436712471233
2026-06-22T22:00:00+00:00,1.4149399999999999,1.4154599999999997,1.4145099999999997,1.4146499999999997,2523
2026-06-22T23:00:00+00:00,1.4146499999999997,1.4152899999999997,1.4143499999999998,1.4151699999999998,2215
2026-06-23T00:00:00+00:00,1.4151699999999998,1.4157699999999998,1.4149199999999997,1.4151899999999997,7372
2026-06-23T01:00:00+00:00,1.4151899999999997,1.4160799999999998,1.4151099999999999,1.4156099999999998,5874
2026-06-23T02:00:00+00:00,1.4156099999999998,1.4160599999999999,1.4150499999999997,1.4160399999999997,6812
2026-06-23T03:00:00+00:00,1.4160399999999997,1.4164999999999999,1.4157699999999998,1.4158399999999998,5055
2026-06-23T04:00:00+00:00,1.4158399999999998,1.4167699999999999,1.4157299999999997,1.4166699999999999,4731
2026-06-23T05:00:00+00:00,1.4166699999999999,1.4169299999999998,1.4164399999999997,1.4166899999999998,5206
2026-06-23T06:00:00+00:00,1.4166899999999998,1.4178799999999998,1.4163599999999998,1.4172399999999998,10002
2026-06-23T07:00:00+00:00,1.4172399999999998,1.4173099999999998,1.4160399999999997,1.4168399999999999,13413
2026-06-23T08:00:00+00:00,1.4168399999999999,1.4174599999999997,1.4164499999999998,1.4174599999999997,11083
2026-06-23T09:00:00+00:00,1.4174599999999997,1.4176699999999998,1.4170299999999998,1.4173899999999997,8583
2026-06-23T10:00:00+00:00,1.4173899999999997,1.4180899999999999,1.4170999999999998,1.4180399999999997,8026
2026-06-23T11:00:00+00:00,1.4180399999999997,1.4183399999999997,1.4175099999999998,1.4183099999999997,6627
2026-06-23T12:00:00+00:00,1.4183099999999997,1.4184499999999998,1.4175999999999997,1.4179999999999997,10037
2026-06-23T13:00:00+00:00,1.4179999999999997,1.4183799999999998,1.4161799999999998,1.4172799999999999,12763
2026-06-23T14:00:00+00:00,1.4172799999999999,1.4192499999999997,1.4170899999999997,1.4189399999999999,15554
2026-06-23T15:00:00+00:00,1.4189399999999999,1.4196999999999997,1.4185199999999998,1.4191799999999999,14633
2026-06-23T16:00:00+00:00,1.4191799999999999,1.4200999999999997,1.4187999999999998,1.4200799999999998,9420
2026-06-23T17:00:00+00:00,1.4200799999999998,1.4205099999999997,1.4198599999999997,1.4201899999999998,7753
2026-06-23T18:00:00+00:00,1.4201899999999998,1.4209899999999998,1.4200399999999997,1.4206999999999999,7736
2026-06-23T19:00:00+00:00,1.4206999999999999,1.4207299999999998,1.4199499999999998,1.4201699999999997,7106
2026-06-23T20:00:00+00:00,1.4201699999999997,1.4205099999999997,1.4200899999999999,1.4202299999999999,3902
2026-06-23T21:00:00+00:00,1.4202299999999999,1.4203799999999998,1.4194299999999997,1.4196199999999999,1507.9302293153637
2026-06-23T22:00:00+00:00,1.4196199999999999,1.4207399999999997,1.4195699999999998,1.4204299999999999,879
2026-06-23T23:00:00+00:00,1.4204299999999999,1.4205799999999997,1.4200399999999997,1.4203099999999997,2574
2026-06-24T00:00:00+00:00,1.4203099999999997,1.4207599999999998,1.4199699999999997,1.4203399999999997,7339
2026-06-24T01:00:00+00:00,1.4203399999999997,1.4208199999999997,1.4198999999999997,1.4200099999999998,8586
2026-06-24T02:00:00+00:00,1.4200099999999998,1.4210299999999998,1.4198999999999997,1.4210299999999998,5296
2026-06-24T03:00:00+00:00,1.4210299999999998,1.4216899999999997,1.4205999999999999,1.4207599999999998,4926
2026-06-24T04:00:00+00:00,1.4207599999999998,1.4211199999999997,1.4204699999999997,1.4207799999999997,3828
2026-06-24T05:00:00+00:00,1.4207799999999997,1.4210399999999999,1.4204499999999998,1.4209299999999998,5649
2026-06-24T06:00:00+00:00,1.4209299999999998,1.4217599999999997,1.4206699999999999,1.4216099999999998,8306
2026-06-24T07:00:00+00:00,1.4216099999999998,1.4221499999999998,1.4213599999999997,1.4220899999999999,8431
2026-06-24T08:00:00+00:00,1.4220899999999999,1.4231699999999998,1.4219299999999997,1.4221499999999998,10124
2026-06-24T09:00:00+00:00,1.4221499999999998,1.4230399999999999,1.4220299999999997,1.4225699999999997,7471
2026-06-24T10:00:00+00:00,1.4225699999999997,1.4228999999999998,1.4218099999999998,1.4218699999999997,8359
2026-06-24T11:00:00+00:00,1.4218699999999997,1.4223199999999998,1.4214299999999997,1.4221399999999997,8733
2026-06-24T12:00:00+00:00,1.4221399999999997,1.4237699999999998,1.4216299999999997,1.4232799999999999,12071
2026-06-24T13:00:00+00:00,1.4232799999999999,1.4240999999999997,1.4218499999999998,1.4222499999999998,17064
2026-06-24T14:00:00+00:00,1.4222499999999998,1.4238399999999998,1.4218399999999998,1.4233899999999997,16268
2026-06-24T15:00:00+00:00,1.4233899999999997,1.4235599999999997,1.4220099999999998,1.4230999999999998,12189
2026-06-24T16:00:00+00:00,1.4230999999999998,1.4231399999999998,1.4208099999999997,1.4211799999999999,9456
2026-06-24T17:00:00+00:00,1.4211799999999999,1.4229099999999997,1.4210599999999998,1.4228099999999997,9045
2026-06-24T18:00:00+00:00,1.4228099999999997,1.4232099999999999,1.4222299999999999,1.4229599999999998,9159
2026-06-24T19:00:00+00:00,1.4229599999999998,1.4234299999999998,1.4224299999999999,1.4225499999999998,7982
2026-06-24T20:00:00+00:00,1.4225499999999998,1.4227799999999997,1.4222299999999999,1.4224699999999997,5773
2026-06-24T21:00:00+00:00,1.4224699999999997,1.4225599999999994,1.421589999999999,1.4224199999999994,1996.8287734501387
2026-06-24T22:00:00+00:00,1.4224199999999994,1.4227399999999994,1.4222999999999995,1.4226799999999995,1120.4334939855773
2026-06-24T23:00:00+00:00,1.4226799999999995,1.4229299999999996,1.4225199999999996,1.4228599999999996,2121.8191980035
2026-06-25T00:00:00+00:00,1.4228599999999996,1.4236099999999996,1.4228499999999995,1.4229699999999996,6090
2026-06-25T01:00:00+00:00,1.4229699999999996,1.4230299999999996,1.4220299999999995,1.4228399999999997,8015
2026-06-25T02:00:00+00:00,1.4228399999999997,1.4229899999999995,1.4222999999999995,1.4225599999999996,5791
2026-06-25T03:00:00+00:00,1.4225599999999996,1.4226199999999996,1.4220799999999996,1.4221799999999996,5655
2026-06-25T04:00:00+00:00,1.4221799999999996,1.4223999999999997,1.4220499999999996,1.4223099999999995,4365
2026-06-25T05:00:00+00:00,1.4223099999999995,1.4232299999999996,1.4222699999999995,1.4231999999999996,4326
2026-06-25T06:00:00+00:00,1.4231999999999996,1.4235499999999996,1.4229499999999995,1.4232099999999996,7877
2026-06-25T07:00:00+00:00,1.4232099999999996,1.4235899999999995,1.4223899999999996,1.4223899999999996,7936
2026-06-25T08:00:00+00:00,1.4223899999999996,1.4224499999999995,1.4215399999999996,1.4221199999999996,9043
2026-06-25T09:00:00+00:00,1.4221199999999996,1.4228699999999996,1.4220099999999996,1.4226799999999995,8303
2026-06-25T10:00:00+00:00,1.4226799999999995,1.4237699999999995,1.4225899999999996,1.4235199999999995,6907
2026-06-25T11:00:00+00:00,1.4235199999999995,1.4241199999999996,1.4234299999999995,1.4234499999999997,6010
2026-06-25T12:00:00+00:00,1.4234499999999997,1.4240799999999996,1.4214099999999996,1.4229099999999995,12829
2026-06-25T13:00:00+00:00,1.4229099999999995,1.4231399999999996,1.4201199999999996,1.4207299999999996,16987
2026-06-25T14:00:00+00:00,1.4207299999999996,1.4207699999999996,1.4187799999999995,1.4196599999999995,18938
2026-06-25T15:00:00+00:00,1.4196599999999995,1.4199699999999995,1.4183099999999995,1.4184099999999995,16444
2026-06-25T16:00:00+00:00,1.4184099999999995,1.4186399999999995,1.4170299999999996,1.4182899999999996,13281
2026-06-25T17:00:00+00:00,1.4182899999999996,1.4191099999999996,1.4180799999999996,1.4188299999999996,8763
2026-06-25T18:00:00+00:00,1.4188299999999996,1.4193999999999996,1.4184699999999995,1.4189699999999996,9654
2026-06-25T19:00:00+00:00,1.4189699999999996,1.4195399999999996,1.4183799999999995,1.4188199999999995,8522
2026-06-25T20:00:00+00:00,1.4188199999999995,1.4194699999999996,1.4186399999999995,1.4193099999999996,3787
2026-06-25T21:00:00+00:00,1.4193099999999996,1.4193099999999996,1.4181899999999994,1.4184399999999993,883.7299095747095
2026-06-25T22:00:00+00:00,1.4184399999999993,1.4194399999999994,1.4181599999999992,1.4182999999999992,3218
2026-06-25T23:00:00+00:00,1.4182999999999992,1.4194999999999993,1.4182099999999993,1.4193599999999993,4031
2026-06-26T00:00:00+00:00,1.4193599999999993,1.4194899999999993,1.4187499999999993,1.4189899999999993,7663
2026-06-26T01:00:00+00:00,1.4189899999999993,1.4195299999999993,1.4184799999999993,1.4191199999999993,8102
2026-06-26T02:00:00+00:00,1.4191199999999993,1.4202099999999993,1.4189499999999993,1.4196799999999994,7156
2026-06-26T03:00:00+00:00,1.4196799999999994,1.4198199999999992,1.4185699999999992,1.4186699999999992,7481
2026-06-26T04:00:00+00:00,1.4186699999999992,1.4188099999999992,1.4182799999999993,1.4183899999999994,6319
2026-06-26T05:00:00+00:00,1.4183899999999994,1.4185299999999994,1.4177499999999994,1.4179899999999992,6641
2026-06-26T06:00:00+00:00,1.4179899999999992,1.4190199999999993,1.4179399999999993,1.4183799999999993,8643
2026-06-26T07:00:00+00:00,1.4183799999999993,1.4193499999999992,1.4182199999999994,1.4190299999999993,10306
2026-06-26T08:00:00+00:00,1.4190299999999993,1.4192199999999993,1.4173799999999992,1.4178799999999994,12309
2026-06-26T09:00:00+00:00,1.4178799999999994,1.4182099999999993,1.4171899999999993,1.4177399999999993,8878
2026-06-26T10:00:00+00:00,1.4177399999999993,1.4178099999999993,1.4171499999999992,1.4172599999999993,8278
2026-06-26T11:00:00+00:00,1.4172599999999993,1.4183099999999993,1.4171099999999992,1.4179299999999992,8758
2026-06-26T12:00:00+00:00,1.4179299999999992,1.4180099999999993,1.4166499999999993,1.4170099999999992,12820
2026-06-26T13:00:00+00:00,1.4170099999999992,1.4173499999999992,1.4161599999999992,1.4166699999999992,17135
2026-06-26T14:00:00+00:00,1.4166699999999992,1.4192799999999992,1.4162699999999993,1.4192399999999994,17540
2026-06-26T15:00:00+00:00,1.4192399999999994,1.4192899999999993,1.4172799999999992,1.4176299999999993,12693
2026-06-26T16:00:00+00:00,1.4176299999999993,1.4189399999999992,1.4172399999999994,1.4184699999999992,10530
2026-06-26T17:00:00+00:00,1.4184699999999992,1.4185199999999993,1.4179699999999993,1.4183899999999994,6481
2026-06-26T18:00:00+00:00,1.4183899999999994,1.4184999999999992,1.4178099999999993,1.4184999999999992,5933
2026-06-26T19:00:00+00:00,1.4184999999999992,1.4185699999999992,1.4170399999999992,1.4173099999999994,5720
2026-06-26T20:00:00+00:00,1.4173099999999994,1.4187099999999992,1.4171099999999992,1.4181999999999992,4612.861000731835
2026-06-28T21:00:00+00:00,1.4181999999999992,1.4183399999999993,1.415629999999999,1.416409999999999,1073.8313432893376
2026-06-28T22:00:00+00:00,1.416409999999999,1.417519999999999,1.4163899999999991,1.4169499999999988,1318.507549222132
2026-06-28T23:00:00+00:00,1.4169499999999988,1.4173599999999988,1.4166499999999989,1.4169199999999988,2127
2026-06-29T00:00:00+00:00,1.4169199999999988,1.417709999999999,1.4168799999999988,1.417069999999999,7328
2026-06-29T01:00:00+00:00,1.417069999999999,1.417579999999999,1.4166099999999988,1.4169799999999988,6434
2026-06-29T02:00:00+00:00,1.4169799999999988,1.4170899999999989,1.416049999999999,1.4168199999999989,5607
2026-06-29T03:00:00+00:00,1.4168199999999989,1.4170599999999989,1.416419999999999,1.4170199999999988,4333
2026-06-29T04:00:00+00:00,1.4170199999999988,1.417209999999999,1.4168799999999988,1.417109999999999,4100
2026-06-29T05:00:00+00:00,1.417109999999999,1.417129999999999,1.4161799999999989,1.4163699999999988,4045
2026-06-29T06:00:00+00:00,1.4163699999999988,1.4168099999999988,1.4154299999999989,1.415579999999999,5751
2026-06-29T07:00:00+00:00,1.415579999999999,1.4169199999999988,1.415579999999999,1.416799999999999,7352
2026-06-29T08:00:00+00:00,1.416799999999999,1.417819999999999,1.416569999999999,1.4175899999999988,7238
2026-06-29T09:00:00+00:00,1.4175899999999988,1.4176599999999988,1.416759999999999,1.416799999999999,6729
2026-06-29T10:00:00+00:00,1.416799999999999,1.4173899999999988,1.4167399999999988,1.4173499999999988,5986
2026-06-29T11:00:00+00:00,1.4173499999999988,1.418689999999999,1.4169499999999988,1.418359999999999,6861
2026-06-29T12:00:00+00:00,1.418359999999999,1.4188899999999989,1.4177599999999988,1.4183399999999988,8779
2026-06-29T13:00:00+00:00,1.4183399999999988,1.4193299999999989,1.4181999999999988,1.418869999999999,12944
2026-06-29T14:00:00+00:00,1.418869999999999,1.419679999999999,1.4181299999999988,1.4188899999999989,16691
2026-06-29T15:00:00+00:00,1.4188899999999989,1.4193999999999989,1.418559999999999,1.419099999999999,11069
2026-06-29T16:00:00+00:00,1.419099999999999,1.419199999999999,1.417479999999999,1.4181099999999989,8226
2026-06-29T17:00:00+00:00,1.4181099999999989,1.418869999999999,1.4174899999999988,1.417749999999999,7063
2026-06-29T18:00:00+00:00,1.417749999999999,1.418329999999999,1.417649999999999,1.418189999999999,5838
2026-06-29T19:00:00+00:00,1.418189999999999,1.4185799999999988,1.4178999999999988,1.4182099999999989,5767
2026-06-29T20:00:00+00:00,1.4182099999999989,1.4192599999999989,1.418059999999999,1.418799999999999,3270
2026-06-29T21:00:00+00:00,1.418799999999999,1.4190099999999988,1.4181399999999988,1.4183699999999988,1783.9392509584193
2026-06-29T22:00:00+00:00,1.4183699999999988,1.4189899999999986,1.4180699999999988,1.4181099999999989,2094.077310437271
2026-06-29T23:00:00+00:00,1.4181099999999989,1.4190399999999987,1.4179699999999988,1.4190399999999987,2140
2026-06-30T00:00:00+00:00,1.4190399999999987,1.4202299999999988,1.4189999999999987,1.4195999999999989,6802
2026-06-30T01:00:00+00:00,1.4195999999999989,1.4207699999999988,1.4193099999999987,1.4206599999999987,9127
2026-06-30T02:00:00+00:00,1.4206599999999987,1.4210899999999989,1.4205799999999988,1.4208299999999987,4613
2026-06-30T03:00:00+00:00,1.4208299999999987,1.4214799999999987,1.4206799999999988,1.4211599999999989,3774
2026-06-30T04:00:00+00:00,1.4211599999999989,1.4216199999999988,1.4209899999999989,1.4216099999999987,3243
2026-06-30T05:00:00+00:00,1.4216099999999987,1.4216999999999989,1.4210499999999988,1.4214499999999988,4107
2026-06-30T06:00:00+00:00,1.4214499999999988,1.4218899999999988,1.4206999999999987,1.4207199999999989,8083
2026-06-30T07:00:00+00:00,1.4207199999999989,1.4211499999999988,1.4202999999999988,1.4209099999999988,8067
2026-06-30T08:00:00+00:00,1.4209099999999988,1.4215999999999989,1.4207399999999988,1.4212299999999987,11539
2026-06-30T09:00:00+00:00,1.4212299999999987,1.4219399999999989,1.4209799999999988,1.4214799999999987,7866
2026-06-30T10:00:00+00:00,1.4214799999999987,1.4218799999999987,1.4210299999999987,1.4210399999999987,6637
2026-06-30T11:00:00+00:00,1.4210399999999987,1.4227099999999988,1.4209699999999987,1.4215899999999988,8756
2026-06-30T12:00:00+00:00,1.4215899999999988,1.4219699999999988,1.4203399999999988,1.4207199999999989,9876
2026-06-30T13:00:00+00:00,1.4207199999999989,1.4207599999999987,1.4193099999999987,1.4203299999999988,13270
2026-06-30T14:00:00+00:00,1.4203299999999988,1.4205799999999988,1.4163499999999987,1.4167699999999988,20367
2026-06-30T15:00:00+00:00,1.4167699999999988,1.4187099999999988,1.4162899999999987,1.4185299999999987,13092
2026-06-30T16:00:00+00:00,1.4185299999999987,1.4190899999999989,1.4183299999999988,1.4187399999999988,7517
2026-06-30T17:00:00+00:00,1.4187399999999988,1.4191899999999988,1.4180799999999987,1.4182799999999989,5863
2026-06-30T18:00:00+00:00,1.4182799999999989,1.4184799999999989,1.4177899999999988,1.4183199999999987,6468
2026-06-30T19:00:00+00:00,1.4183199999999987,1.4185699999999988,1.4160899999999987,1.4162799999999989,8843
2026-06-30T20:00:00+00:00,1.4162799999999989,1.4177399999999987,1.4157699999999989,1.4174399999999987,4730
2026-06-30T21:00:00+00:00,1.4174399999999987,1.4175199999999988,1.4169599999999987,1.4172299999999987,671.0304194380578
2026-06-30T22:00:00+00:00,1.4172299999999987,1.4176499999999987,1.4172299999999987,1.4175399999999987,1026.6086609989372
2026-06-30T23:00:00+00:00,1.4175399999999987,1.4187699999999988,1.4173899999999986,1.4187299999999987,2193
2026-07-01T00:00:00+00:00,1.4187299999999987,1.4193999999999987,1.4184499999999987,1.4192299999999987,4860
2026-07-01T01:00:00+00:00,1.4192299999999987,1.4200999999999988,1.4191499999999988,1.4198599999999988,5722
2026-07-01T02:00:00+00:00,1.4198599999999988,1.4200899999999987,1.4194799999999987,1.4198199999999987,5059
2026-07-01T03:00:00+00:00,1.4198199999999987,1.4199699999999986,1.4195499999999988,1.4196799999999987,3708
2026-07-01T04:00:00+00:00,1.4196799999999987,1.4198699999999986,1.4191099999999988,1.4193799999999988,3250
2026-07-01T05:00:00+00:00,1.4193799999999988,1.4195599999999986,1.4188599999999987,1.4190499999999988,3887
2026-07-01T06:00:00+00:00,1.4190499999999988,1.4199999999999986,1.4190399999999987,1.4195499999999988,6471
2026-07-01T07:00:00+00:00,1.4195499999999988,1.4201999999999988,1.4193399999999987,1.4196599999999988,9231
2026-07-01T08:00:00+00:00,1.4196599999999988,1.4204499999999987,1.4196199999999988,1.4201199999999987,6618
2026-07-01T09:00:00+00:00,1.4201199999999987,1.4204799999999986,1.4199399999999986,1.4203599999999987,6680
2026-07-01T10:00:00+00:00,1.4203599999999987,1.4204699999999988,1.4192499999999988,1.4194099999999987,6956
2026-07-01T11:00:00+00:00,1.4194099999999987,1.4201399999999986,1.4193299999999986,1.4201099999999987,6086
2026-07-01T12:00:00+00:00,1.4201099999999987,1.4213899999999986,1.4197299999999986,1.4211399999999987,9412
2026-07-01T13:00:00+00:00,1.4211399999999987,1.4214599999999986,1.4170999999999987,1.4188799999999988,21243
2026-07-01T14:00:00+00:00,1.4188799999999988,1.4193899999999986,1.4173099999999987,1.4182999999999988,19036
2026-07-01T15:00:00+00:00,1.4182999999999988,1.4191399999999987,1.4180499999999987,1.4185399999999988,13843
2026-07-01T16:00:00+00:00,1.4185399999999988,1.4189999999999987,1.4177099999999987,1.4188299999999987,9526
2026-07-01T17:00:00+00:00,1.4188299999999987,1.4193799999999988,1.4185599999999987,1.4192499999999988,6932
2026-07-01T18:00:00+00:00,1.4192499999999988,1.4197699999999984,1.4190299999999987,1.4194699999999985,5033.450882578665
2026-07-01T19:00:00+00:00,1.4194699999999985,1.4196599999999986,1.4192599999999984,1.4193899999999984,5394
2026-07-01T20:00:00+00:00,1.4193899999999984,1.4197899999999986,1.4193399999999985,1.4194099999999985,2850
2026-07-01T21:00:00+00:00,1.4194099999999985,1.4194899999999986,1.4186399999999986,1.4193399999999987,887.3923072815287
2026-07-01T22:00:00+00:00,1.4193399999999987,1.4200499999999987,1.4193399999999987,1.419909999999999,924.6033746473304
2026-07-01T23:00:00+00:00,1.419909999999999,1.420269999999999,1.419889999999999,1.419989999999999,1487.6123935631958
2026-07-02T00:00:00+00:00,1.419989999999999,1.420519999999999,1.419859999999999,1.419959999999999,4987
2026-07-02T01:00:00+00:00,1.419959999999999,1.419979999999999,1.419219999999999,1.4195999999999989,4171
2026-07-02T02:00:00+00:00,1.4195999999999989,1.419779999999999,1.4189199999999988,1.419689999999999,4222
2026-07-02T03:00:00+00:00,1.419689999999999,1.4201699999999988,1.419549999999999,1.4198399999999989,3673
2026-07-02T04:00:00+00:00,1.4198399999999989,1.4198399999999989,1.4193999999999989,1.4195299999999988,5154
2026-07-02T05:00:00+00:00,1.4195299999999988,1.419929999999999,1.4194599999999988,1.419619999999999,4714
2026-07-02T06:00:00+00:00,1.419619999999999,1.419619999999999,1.417439999999999,1.418299999999999,12642
2026-07-02T07:00:00+00:00,1.418299999999999,1.4189599999999989,1.417879999999999,1.418129999999999,12420
2026-07-02T08:00:00+00:00,1.418129999999999,1.4181799999999989,1.416689999999999,1.4171199999999988,12567
2026-07-02T09:00:00+00:00,1.4171199999999988,1.418299999999999,1.417109999999999,1.417709999999999,10401
2026-07-02T10:00:00+00:00,1.417709999999999,1.418799999999999,1.417619999999999,1.418729999999999,9561
2026-07-02T11:00:00+00:00,1.418729999999999,1.419849999999999,1.418539999999999,1.4195299999999988,8554
2026-07-02T12:00:00+00:00,1.4195299999999988,1.419999999999999,1.4130899999999988,1.4156299999999988,29570
2026-07-02T13:00:00+00:00,1.4156299999999988,1.416699999999999,1.414269999999999,1.4152299999999989,28859
2026-07-02T14:00:00+00:00,1.4152299999999989,1.417129999999999,1.414359999999999,1.416079999999999,21778
2026-07-02T15:00:00+00:00,1.416079999999999,1.416809999999999,1.415659999999999,1.416439999999999,16870
2026-07-02T16:00:00+00:00,1.416439999999999,1.4168899999999989,1.4157399999999989,1.4160399999999989,13507
2026-07-02T17:00:00+00:00,1.4160399999999989,1.416709999999999,1.416029999999999,1.4163099999999988,10466
2026-07-02T18:00:00+00:00,1.4163099999999988,1.416329999999999,1.415619999999999,1.416269999999999,8419
2026-07-02T19:00:00+00:00,1.416269999999999,1.416809999999999,1.416189999999999,1.4163399999999988,6195
2026-07-02T20:00:00+00:00,1.4163399999999988,1.416519999999999,1.416099999999999,1.416189999999999,2791
2026-07-02T21:00:00+00:00,1.416189999999999,1.4165699999999988,1.4153499999999988,1.4155599999999988,883.8458363738005
2026-07-02T22:00:00+00:00,1.4155599999999988,1.4166299999999987,1.4155599999999988,1.4164699999999988,871
2026-07-02T23:00:00+00:00,1.4164699999999988,1.4170699999999987,1.4163399999999988,1.4170499999999988,2368
2026-07-03T00:00:00+00:00,1.4170499999999988,1.417739999999999,1.4165099999999988,1.4165699999999988,6215
2026-07-03T01:00:00+00:00,1.4165699999999988,1.4168199999999989,1.4152899999999988,1.4158699999999989,8268
2026-07-03T02:00:00+00:00,1.4158699999999989,1.4159699999999988,1.4145499999999989,1.415099999999999,5484
2026-07-03T03:00:00+00:00,1.415099999999999,1.4153799999999988,1.4149499999999988,1.4150899999999988,4600
2026-07-03T04:00:00+00:00,1.4150899999999988,1.4151699999999987,1.4143899999999987,1.4145499999999989,4025
2026-07-03T05:00:00+00:00,1.4145499999999989,1.4146099999999988,1.4138899999999988,1.4142999999999988,5320
2026-07-03T06:00:00+00:00,1.4142999999999988,1.4151699999999987,1.4140199999999987,1.4150899999999988,7757
2026-07-03T07:00:00+00:00,1.4150899999999988,1.4157799999999987,1.4147399999999988,1.4155799999999987,7306
2026-07-03T08:00:00+00:00,1.4155799999999987,1.416149999999999,1.4154499999999988,1.4160099999999989,6061
2026-07-03T09:00:00+00:00,1.4160099999999989,1.4165499999999989,1.4158899999999988,1.416519999999999,5303
2026-07-03T10:00:00+00:00,1.416519999999999,1.4167699999999988,1.4161699999999988,1.4166199999999989,5157
2026-07-03T11:00:00+00:00,1.4166199999999989,1.4176799999999987,1.4164999999999988,1.4173999999999989,5500
2026-07-03T12:00:00+00:00,1.4173999999999989,1.4184299999999987,1.4173999999999989,1.4182199999999987,6280
2026-07-03T13:00:00+00:00,1.4182199999999987,1.4184499999999989,1.4176899999999988,1.417909999999999,5584
2026-07-03T14:00:00+00:00,1.417909999999999,1.4181899999999987,1.4171499999999988,1.417809999999999,5546
2026-07-03T15:00:00+00:00,1.417809999999999,1.4185599999999987,1.4177599999999988,1.418049999999999,4457
2026-07-03T16:00:00+00:00,1.418049999999999,1.418659999999999,1.4180099999999989,1.4182199999999987,2879
2026-07-03T17:00:00+00:00,1.4182199999999987,1.4183799999999989,1.417979999999999,1.4181199999999987,10822
2026-07-03T18:00:00+00:00,1.4181199999999987,1.4181199999999987,1.4176099999999987,1.417809999999999,18694
2026-07-03T19:00:00+00:00,1.417809999999999,1.4183699999999988,1.4177699999999989,1.4181699999999988,5278
2026-07-03T20:00:00+00:00,1.4181699999999988,1.4187699999999988,1.4174599999999988,1.4175799999999987,7363.036727142918
2026-07-05T21:00:00+00:00,1.4175799999999987,1.4180299999999986,1.4173999999999989,1.4177999999999986,1581.8388344477512
2026-07-05T22:00:00+00:00,1.4177999999999986,1.4193499999999986,1.4177399999999987,1.4190499999999986,1283
2026-07-05T23:00:00+00:00,1.4190499999999986,1.4192399999999987,1.4189199999999986,1.4190499999999986,1940
2026-07-06T00:00:00+00:00,1.4190499999999986,1.4197799999999987,1.4188699999999987,1.4191499999999986,8135
2026-07-06T01:00:00+00:00,1.4191499999999986,1.4198199999999987,1.4189299999999987,1.4197099999999987,8069
2026-07-06T02:00:00+00:00,1.4197099999999987,1.4198099999999987,1.4193499999999986,1.4193999999999987,7360
2026-07-06T03:00:00+00:00,1.4193999999999987,1.4199599999999986,1.4192399999999987,1.4195999999999986,6676
2026-07-06T04:00:00+00:00,1.4195999999999986,1.4196499999999987,1.4191599999999986,1.4193299999999986,4208
2026-07-06T05:00:00+00:00,1.4193299999999986,1.4197299999999986,1.4191199999999986,1.4196599999999986,5669
2026-07-06T06:00:00+00:00,1.4196599999999986,1.4205199999999987,1.4194299999999986,1.4202299999999985,8622
2026-07-06T07:00:00+00:00,1.4202299999999985,1.4205799999999986,1.4199599999999986,1.4204799999999986,10292
2026-07-06T08:00:00+00:00,1.4204799999999986,1.4214499999999985,1.4203899999999987,1.4213899999999986,7033
2026-07-06T09:00:00+00:00,1.4213899999999986,1.4218299999999986,1.4212199999999986,1.4215099999999987,9369
2026-07-06T10:00:00+00:00,1.4215099999999987,1.4216499999999987,1.4198699999999986,1.4203999999999986,7712
2026-07-06T11:00:00+00:00,1.4203999999999986,1.4212999999999987,1.4201899999999987,1.4207799999999986,6955
2026-07-06T12:00:00+00:00,1.4207799999999986,1.4224899999999987,1.4203999999999986,1.4221299999999986,9255
2026-07-06T13:00:00+00:00,1.4221299999999986,1.4222999999999986,1.4201799999999987,1.4211999999999987,11252
2026-07-06T14:00:00+00:00,1.4211999999999987,1.4220999999999986,1.4208899999999987,1.4210799999999986,11368
2026-07-06T15:00:00+00:00,1.4210799999999986,1.4211399999999987,1.4197799999999987,1.4201499999999987,8444
2026-07-06T16:00:00+00:00,1.4201499999999987,1.4204899999999987,1.4196799999999987,1.4202599999999987,7518
2026-07-06T17:00:00+00:00,1.4202599999999987,1.4204299999999987,1.4197699999999986,1.4200899999999987,7248
2026-07-06T18:00:00+00:00,1.4200899999999987,1.4200899999999987,1.4193799999999988,1.4194899999999986,6899
2026-07-06T19:00:00+00:00,1.4194899999999986,1.4197599999999986,1.4189599999999987,1.4192099999999988,5855
2026-07-06T20:00:00+00:00,1.4192099999999988,1.4195399999999987,1.4188399999999985,1.4188799999999986,3610
2026-07-06T21:00:00+00:00,1.4188799999999986,1.4195099999999987,1.4185299999999987,1.4190699999999987,1245.075543052423
2026-07-06T22:00:00+00:00,1.4190699999999987,1.4193899999999986,1.4186299999999987,1.4192199999999986,818.7228554289143
2026-07-06T23:00:00+00:00,1.4192199999999986,1.4194999999999984,1.4189599999999984,1.4194099999999985,2100
2026-07-07T00:00:00+00:00,1.4194099999999985,1.4199799999999985,1.4193999999999984,1.4199599999999986,5857
2026-07-07T01:00:00+00:00,1.4199599999999986,1.4204599999999985,1.4194399999999985,1.4197599999999986,6048
2026-07-07T02:00:00+00:00,1.4197599999999986,1.4201799999999984,1.4195399999999985,1.4201699999999986,4130
2026-07-07T03:00:00+00:00,1.4201699999999986,1.4204699999999986,1.4197799999999985,1.4203099999999984,4553
2026-07-07T04:00:00+00:00,1.4203099999999984,1.4203899999999985,1.4200599999999985,1.4203899999999985,3906
2026-07-07T05:00:00+00:00,1.4203899999999985,1.4207999999999985,1.4201099999999984,1.4203899999999985,5233
2026-07-07T06:00:00+00:00,1.4203899999999985,1.4204799999999984,1.4199299999999986,1.4199399999999984,6149
2026-07-07T07:00:00+00:00,1.4199399999999984,1.4207999999999985,1.4197299999999986,1.4207099999999986,8169
2026-07-07T08:00:00+00:00,1.4207099999999986,1.4207399999999986,1.4195399999999985,1.4199599999999986,7735
2026-07-07T09:00:00+00:00,1.4199599999999986,1.4201599999999985,1.4196899999999986,1.4200799999999985,6248
2026-07-07T10:00:00+00:00,1.4200799999999985,1.4204099999999984,1.4196499999999985,1.4197099999999985,4461
2026-07-07T11:00:00+00:00,1.4197099999999985,1.4203699999999986,1.4189099999999986,1.4201099999999984,6525
2026-07-07T12:00:00+00:00,1.4201099999999984,1.4208999999999985,1.4198199999999985,1.4205599999999985,8509
2026-07-07T13:00:00+00:00,1.4205599999999985,1.4212399999999985,1.4187099999999986,1.4190599999999984,12955
2026-07-07T14:00:00+00:00,1.4190599999999984,1.4195799999999985,1.4177299999999986,1.4181299999999986,15243
2026-07-07T15:00:00+00:00,1.4181299999999986,1.4183599999999985,1.4174399999999985,1.4181299999999986,9536
2026-07-07T16:00:00+00:00,1.4181299999999986,1.4183999999999986,1.4173999999999984,1.4178499999999985,5683
2026-07-07T17:00:00+00:00,1.4178499999999985,1.4181399999999984,1.4171299999999984,1.4172699999999985,4837
2026-07-07T18:00:00+00:00,1.4172699999999985,1.4182299999999985,1.4169799999999986,1.4181599999999985,8161
2026-07-07T19:00:00+00:00,1.4181599999999985,1.4192599999999984,1.4179899999999985,1.4182099999999984,10398
2026-07-07T20:00:00+00:00,1.4182099999999984,1.4189699999999985,1.4182099999999984,1.4186099999999986,3046
2026-07-07T21:00:00+00:00,1.4186099999999986,1.4186099999999986,1.4171399999999985,1.4179399999999986,2779.7987714182063
2026-07-07T22:00:00+00:00,1.4179399999999986,1.4190599999999987,1.4179399999999986,1.4183199999999985,1004
2026-07-07T23:00:00+00:00,1.4183199999999985,1.4190099999999986,1.4182199999999985,1.4188699999999985,2194
2026-07-08T00:00:00+00:00,1.4188699999999985,1.4190199999999986,1.4180299999999986,1.4185399999999986,9339
2026-07-08T01:00:00+00:00,1.4185399999999986,1.4192199999999986,1.4183299999999985,1.4185599999999985,7838
2026-07-08T02:00:00+00:00,1.4185599999999985,1.4186699999999985,1.4176199999999985,1.4180399999999986,6138
2026-07-08T03:00:00+00:00,1.4180399999999986,1.4181699999999986,1.4175599999999986,1.4180099999999984,4782
2026-07-08T04:00:00+00:00,1.4180099999999984,1.4182999999999986,1.4176399999999985,1.4176599999999986,5693
2026-07-08T05:00:00+00:00,1.4176599999999986,1.4176999999999986,1.4166499999999986,1.4169499999999986,5453
2026-07-08T06:00:00+00:00,1.4169499999999986,1.4170599999999987,1.4157199999999985,1.4162299999999985,11364
2026-07-08T07:00:00+00:00,1.4162299999999985,1.4164799999999986,1.4145299999999985,1.4146699999999985,11796
2026-07-08T08:00:00+00:00,1.4146699999999985,1.4160699999999986,1.4142199999999985,1.4147599999999985,19956
2026-07-08T09:00:00+00:00,1.4147599999999985,1.4156599999999986,1.4138699999999986,1.4144199999999985,11496
2026-07-08T10:00:00+00:00,1.4144199999999985,1.4152099999999985,1.4140099999999984,1.4151399999999985,8244
2026-07-08T11:00:00+00:00,1.4151399999999985,1.4174199999999986,1.4151199999999986,1.4171899999999986,10746
2026-07-08T12:00:00+00:00,1.4171899999999986,1.4172699999999985,1.4160899999999985,1.4170799999999986,13561
2026-07-08T13:00:00+00:00,1.4170799999999986,1.4170899999999986,1.4152799999999985,1.4159299999999986,17859
2026-07-08T14:00:00+00:00,1.4159299999999986,1.4162199999999985,1.4147999999999985,1.4158699999999986,15517
2026-07-08T15:00:00+00:00,1.4158699999999986,1.4179799999999985,1.4152499999999986,1.4173399999999985,12308
2026-07-08T16:00:00+00:00,1.4173399999999985,1.4173399999999985,1.4154199999999986,1.4157599999999986,15438
2026-07-08T17:00:00+00:00,1.4157599999999986,1.4159899999999985,1.4150699999999985,1.4159899999999985,9173
2026-07-08T18:00:00+00:00,1.4159899999999985,1.4160199999999985,1.4148499999999984,1.4152499999999983,7550.823887012588
2026-07-08T19:00:00+00:00,1.4152499999999983,1.4152699999999983,1.4144999999999983,1.4148499999999984,7587
2026-07-08T20:00:00+00:00,1.4148499999999984,1.4159899999999983,1.4146499999999984,1.4154599999999984,4674
2026-07-08T21:00:00+00:00,1.4154599999999984,1.4158399999999982,1.4143699999999984,1.4158099999999982,865.5340002060507
2026-07-08T22:00:00+00:00,1.4158099999999982,1.4162199999999983,1.4155999999999982,1.4156299999999982,1015.6399167964887
2026-07-08T23:00:00+00:00,1.4156299999999982,1.4157499999999983,1.4153899999999981,1.4154799999999983,1944
2026-07-09T00:00:00+00:00,1.4154799999999983,1.4155399999999982,1.4146899999999982,1.4149799999999981,5718
2026-07-09T01:00:00+00:00,1.4149799999999981,1.4154999999999982,1.4148999999999983,1.4149499999999982,5751
2026-07-09T02:00:00+00:00,1.4149499999999982,1.4154599999999982,1.4148299999999983,1.4151699999999983,5987
2026-07-09T03:00:00+00:00,1.4151699999999983,1.4152999999999982,1.4147899999999982,1.4152499999999981,5991
2026-07-09T04:00:00+00:00,1.4152499999999981,1.4154599999999982,1.415009999999998,1.4150299999999982,4785
2026-07-09T05:00:00+00:00,1.4150299999999982,1.4151199999999982,1.4146099999999981,1.4150899999999982,6857
2026-07-09T06:00:00+00:00,1.4150899999999982,1.415379999999998,1.4138799999999982,1.4146799999999982,7836
2026-07-09T07:00:00+00:00,1.4146799999999982,1.4168499999999982,1.4146099999999981,1.4164699999999981,9976
2026-07-09T08:00:00+00:00,1.4164699999999981,1.4174699999999982,1.4164099999999982,1.4174699999999982,8214
2026-07-09T09:00:00+00:00,1.4174699999999982,1.4176099999999983,1.4163199999999982,1.4163799999999982,7631
2026-07-09T10:00:00+00:00,1.4163799999999982,1.4167399999999981,1.4159999999999981,1.4161899999999983,7009
2026-07-09T11:00:00+00:00,1.4161899999999983,1.4170799999999981,1.4160399999999982,1.4161099999999982,8774
2026-07-09T12:00:00+00:00,1.4161099999999982,1.4163099999999982,1.4150899999999982,1.4162999999999981,12360
2026-07-09T13:00:00+00:00,1.4162999999999981,1.4168299999999983,1.4154899999999981,1.4166099999999981,11023
2026-07-09T14:00:00+00:00,1.4166099999999981,1.4166299999999983,1.4153699999999982,1.4157999999999982,14887
2026-07-09T15:00:00+00:00,1.4157999999999982,1.4161799999999982,1.4150299999999982,1.415039999999998,10468
2026-07-09T16:00:00+00:00,1.415039999999998,1.415449999999998,1.4144899999999982,1.4150999999999982,7185
2026-07-09T17:00:00+00:00,1.4150999999999982,1.415279999999998,1.4146599999999983,1.4150999999999982,6460
2026-07-09T18:00:00+00:00,1.4150999999999982,1.4155999999999982,1.4150899999999982,1.415349999999998,5179
2026-07-09T19:00:00+00:00,1.415349999999998,1.4159399999999982,1.4153199999999981,1.4158799999999983,5097
2026-07-09T20:00:00+00:00,1.4158799999999983,1.4159399999999982,1.4153299999999982,1.4153299999999982,2467
2026-07-09T21:00:00+00:00,1.4153299999999982,1.4157799999999983,1.4139399999999982,1.4155299999999982,2491.344093996447
2026-07-09T22:00:00+00:00,1.4155299999999982,1.4157999999999982,1.4151299999999982,1.4155599999999982,988
2026-07-09T23:00:00+00:00,1.4155599999999982,1.4156499999999983,1.4153399999999983,1.4153399999999983,1196
2026-07-10T00:00:00+00:00,1.4153399999999983,1.4158599999999981,1.4146099999999981,1.4147499999999982,5353
2026-07-10T01:00:00+00:00,1.4147499999999982,1.4148999999999983,1.4136099999999983,1.413789999999998,8151
2026-07-10T02:00:00+00:00,1.413789999999998,1.4138599999999981,1.4121699999999981,1.4124099999999982,8546
2026-07-10T03:00:00+00:00,1.4124099999999982,1.4134399999999983,1.4123099999999982,1.4133699999999982,5098
2026-07-10T04:00:00+00:00,1.4133699999999982,1.4144099999999982,1.4133699999999982,1.4141999999999981,3851
2026-07-10T05:00:00+00:00,1.4141999999999981,1.4151499999999981,1.4139299999999981,1.4147299999999983,5168
2026-07-10T06:00:00+00:00,1.4147299999999983,1.4150199999999982,1.4140399999999982,1.4141799999999982,8377
2026-07-10T07:00:00+00:00,1.4141799999999982,1.4152499999999981,1.4141499999999982,1.4150799999999981,9413
2026-07-10T08:00:00+00:00,1.4150799999999981,1.4155399999999982,1.4148499999999982,1.4154899999999981,10376
2026-07-10T09:00:00+00:00,1.4154899999999981,1.4156599999999981,1.4151999999999982,1.4155999999999982,5918
2026-07-10T10:00:00+00:00,1.4155999999999982,1.4156499999999983,1.4147299999999983,1.4150699999999983,6551
2026-07-10T11:00:00+00:00,1.4150699999999983,1.4157799999999983,1.4140299999999981,1.4142599999999983,10319
2026-07-10T12:00:00+00:00,1.4142599999999983,1.4145299999999983,1.4124499999999982,1.4130699999999983,12449
2026-07-10T13:00:00+00:00,1.4130699999999983,1.4152399999999983,1.4130599999999982,1.4149399999999983,14938
2026-07-10T14:00:00+00:00,1.4149399999999983,1.4155799999999983,1.4135699999999982,1.4136799999999983,18656
2026-07-10T15:00:00+00:00,1.4136799999999983,1.4140899999999983,1.4118899999999983,1.4119399999999982,10925
2026-07-10T16:00:00+00:00,1.4119399999999982,1.4121399999999982,1.4103499999999982,1.4110199999999982,10239
2026-07-10T17:00:00+00:00,1.4110199999999982,1.4131199999999982,1.4108699999999983,1.4130899999999982,7410
2026-07-10T18:00:00+00:00,1.4130899999999982,1.413959999999998,1.4129699999999983,1.4137599999999981,6908
2026-07-10T19:00:00+00:00,1.4137599999999981,1.414399999999998,1.4136999999999982,1.4142199999999983,4120
2026-07-10T20:00:00+00:00,1.4142199999999983,1.4145799999999982,1.4126899999999982,1.4136699999999982,2948.2165543792107
2026-07-12T21:00:00+00:00,1.4136699999999982,1.414159999999998,1.4136399999999982,1.414139999999998,448.98111098389774
2026-07-12T22:00:00+00:00,1.414139999999998,1.415179999999998,1.414129999999998,1.415089999999998,1907
2026-07-12T23:00:00+00:00,1.415089999999998,1.415189999999998,1.414459999999998,1.414519999999998,3004
2026-07-13T00:00:00+00:00,1.414519999999998,1.415269999999998,1.414429999999998,1.415029999999998,9088
2026-07-13T01:00:00+00:00,1.415029999999998,1.415599999999998,1.4142999999999981,1.4142999999999981,10171
2026-07-13T02:00:00+00:00,1.4142999999999981,1.414949999999998,1.414249999999998,1.414929999999998,7319
2026-07-13T03:00:00+00:00,1.414929999999998,1.415209999999998,1.414259999999998,1.414269999999998,6887
2026-07-13T04:00:00+00:00,1.414269999999998,1.414419999999998,1.413459999999998,1.413529999999998,5003
2026-07-13T05:00:00+00:00,1.413529999999998,1.414609999999998,1.413229999999998,1.414559999999998,7918
2026-07-13T06:00:00+00:00,1.414559999999998,1.4146399999999981,1.413719999999998,1.414359999999998,12033
2026-07-13T07:00:00+00:00,1.414359999999998,1.414499999999998,1.412379999999998,1.412489999999998,12509
2026-07-13T08:00:00+00:00,1.412489999999998,1.412559999999998,1.411359999999998,1.411669999999998,12764
2026-07-13T09:00:00+00:00,1.411669999999998,1.4124699999999981,1.411649999999998,1.412169999999998,10276
2026-07-13T10:00:00+00:00,1.412169999999998,1.412379999999998,1.410919999999998,1.410939999999998,9540
2026-07-13T11:00:00+00:00,1.410939999999998,1.411609999999998,1.4106399999999981,1.411559999999998,11644
2026-07-13T12:00:00+00:00,1.411559999999998,1.412329999999998,1.411339999999998,1.411609999999998,12276
2026-07-13T13:00:00+00:00,1.411609999999998,1.412929999999998,1.4112499999999981,1.412379999999998,16158
2026-07-13T14:00:00+00:00,1.412379999999998,1.413389999999998,1.411719999999998,1.412429999999998,19268
2026-07-13T15:00:00+00:00,1.412429999999998,1.412609999999998,1.411469999999998,1.412259999999998,9940
2026-07-13T16:00:00+00:00,1.412259999999998,1.413649999999998,1.411929999999998,1.413009999999998,12867
2026-07-13T17:00:00+00:00,1.413009999999998,1.413399999999998,1.412679999999998,1.412879999999998,8454
2026-07-13T18:00:00+00:00,1.412879999999998,1.413339999999998,1.412769999999998,1.413169999999998,7751
2026-07-13T19:00:00+00:00,1.413169999999998,1.414129999999998,1.413089999999998,1.413679999999998,6794
2026-07-13T20:00:00+00:00,1.413679999999998,1.414049999999998,1.413369999999998,1.413369999999998,3295
2026-07-13T21:00:00+00:00,1.413369999999998,1.413399999999998,1.4123999999999985,1.4126099999999984,943.3911668389867
2026-07-13T22:00:00+00:00,1.4126099999999984,1.4133399999999985,1.4126099999999984,1.4131099999999985,1032.0266518600777
2026-07-13T23:00:00+00:00,1.4131099999999985,1.4132099999999985,1.4126299999999985,1.4127599999999985,2857
2026-07-14T00:00:00+00:00,1.4127599999999985,1.4132799999999985,1.4122999999999983,1.4126199999999984,10907
2026-07-14T01:00:00+00:00,1.4126199999999984,1.4127399999999983,1.4120399999999984,1.4121399999999984,10714
2026-07-14T02:00:00+00:00,1.4121399999999984,1.4121599999999985,1.4109599999999984,1.4111299999999984,6248
2026-07-14T03:00:00+00:00,1.4111299999999984,1.4114099999999985,1.4106799999999984,1.4109899999999984,5867
2026-07-14T04:00:00+00:00,1.4109899999999984,1.4112499999999983,1.4106999999999985,1.4109899999999984,5469
2026-07-14T05:00:00+00:00,1.4109899999999984,1.4111799999999983,1.4107199999999984,1.4109899999999984,5993
2026-07-14T06:00:00+00:00,1.4109899999999984,1.4113799999999985,1.4106599999999985,1.4112399999999985,7955
2026-07-14T07:00:00+00:00,1.4112399999999985,1.4113099999999985,1.4079899999999985,1.4083099999999984,11589
2026-07-14T08:00:00+00:00,1.4083099999999984,1.4085099999999984,1.4068499999999984,1.4070799999999983,10720
2026-07-14T09:00:00+00:00,1.4070799999999983,1.4070899999999984,1.4059799999999985,1.4063399999999984,9864
2026-07-14T10:00:00+00:00,1.4063399999999984,1.4085599999999985,1.4061999999999983,1.4085199999999984,8939
2026-07-14T11:00:00+00:00,1.4085199999999984,1.4094299999999984,1.4084899999999985,1.4092499999999983,11752
2026-07-14T12:00:00+00:00,1.4092499999999983,1.4093699999999985,1.4032599999999984,1.4051799999999983,29618
2026-07-14T13:00:00+00:00,1.4051799999999983,1.4052999999999984,1.4033199999999983,1.4048499999999984,24101
2026-07-14T14:00:00+00:00,1.4048499999999984,1.4048499999999984,1.4029799999999983,1.4035099999999985,21831
2026-07-14T15:00:00+00:00,1.4035099999999985,1.4048199999999984,1.4025699999999985,1.4046099999999984,18837
2026-07-14T16:00:00+00:00,1.4046099999999984,1.4051599999999984,1.4036399999999984,1.4038299999999984,11660
2026-07-14T17:00:00+00:00,1.4038299999999984,1.4051799999999983,1.4037299999999984,1.4047499999999984,10605
2026-07-14T18:00:00+00:00,1.4047499999999984,1.4052899999999984,1.4044499999999984,1.4044599999999985,8286
2026-07-14T19:00:00+00:00,1.4044599999999985,1.4048599999999984,1.4041599999999985,1.4045199999999984,8005
2026-07-14T20:00:00+00:00,1.4045199999999984,1.4047699999999985,1.4035399999999985,1.4036099999999985,3666
2026-07-14T21:00:00+00:00,1.4036099999999985,1.404829999999999,1.4035399999999985,1.404829999999999,1382.7971820436342
2026-07-14T22:00:00+00:00,1.404829999999999,1.404829999999999,1.404469999999999,1.404579999999999,1171.491090610388
2026-07-14T23:00:00+00:00,1.404579999999999,1.4047299999999991,1.403649999999999,1.403869999999999,2661
2026-07-15T00:00:00+00:00,1.403869999999999,1.404239999999999,1.403329999999999,1.403379999999999,5948
2026-07-15T01:00:00+00:00,1.403379999999999,1.403629999999999,1.403039999999999,1.403229999999999,5896
2026-07-15T02:00:00+00:00,1.403229999999999,1.403449999999999,1.402599999999999,1.402749999999999,4617
2026-07-15T03:00:00+00:00,1.402749999999999,1.403649999999999,1.4026299999999992,1.403299999999999,4187
2026-07-15T04:00:00+00:00,1.403299999999999,1.403599999999999,1.403149999999999,1.403579999999999,3727
2026-07-15T05:00:00+00:00,1.403579999999999,1.403939999999999,1.4034099999999992,1.403909999999999,4674
2026-07-15T06:00:00+00:00,1.403909999999999,1.4045599999999991,1.403629999999999,1.4044899999999991,8922
2026-07-15T07:00:00+00:00,1.4044899999999991,1.4044899999999991,1.403019999999999,1.403899999999999,9970
2026-07-15T08:00:00+00:00,1.403899999999999,1.404469999999999,1.403279999999999,1.404179999999999,7842
2026-07-15T09:00:00+00:00,1.404179999999999,1.404769999999999,1.403999999999999,1.404609999999999,6067
2026-07-15T10:00:00+00:00,1.404609999999999,1.405669999999999,1.404599999999999,1.405219999999999,7045
2026-07-15T11:00:00+00:00,1.405219999999999,1.405839999999999,1.405009999999999,1.405589999999999,8427
2026-07-15T12:00:00+00:00,1.405589999999999,1.406379999999999,1.403899999999999,1.404009999999999,14072
2026-07-15T13:00:00+00:00,1.404009999999999,1.405449999999999,1.403719999999999,1.405259999999999,14222
2026-07-15T14:00:00+00:00,1.405259999999999,1.405429999999999,1.403739999999999,1.403829999999999,15823
2026-07-15T15:00:00+00:00,1.403829999999999,1.404409999999999,1.4031999999999991,1.403499999999999,11999
2026-07-15T16:00:00+00:00,1.403499999999999,1.404189999999999,1.403259999999999,1.4035399999999991,12680
2026-07-15T17:00:00+00:00,1.4035399999999991,1.403579999999999,1.401769999999999,1.401869999999999,9776
2026-07-15T18:00:00+00:00,1.401869999999999,1.402969999999999,1.401119999999999,1.402939999999999,8944
2026-07-15T19:00:00+00:00,1.402939999999999,1.403179999999999,1.402209999999999,1.402849999999999,8667
2026-07-15T20:00:00+00:00,1.402849999999999,1.403189999999999,1.402469999999999,1.402749999999999,2916
2026-07-15T21:00:00+00:00,1.402749999999999,1.4029399999999994,1.4009799999999994,1.4016199999999996,3003.3114484577245
2026-07-15T22:00:00+00:00,1.4016199999999996,1.4022499999999996,1.4016199999999996,1.4022199999999996,1942
2026-07-15T23:00:00+00:00,1.4022199999999996,1.4022199999999996,1.4016699999999995,1.4019099999999995,1830.9699163857583
2026-07-16T00:00:00+00:00,1.4019099999999995,1.4025099999999997,1.4017699999999995,1.4019999999999997,7390
2026-07-16T01:00:00+00:00,1.4019999999999997,1.4030999999999996,1.4018399999999995,1.4029999999999996,6358
2026-07-16T02:00:00+00:00,1.4029999999999996,1.4034799999999996,1.4029699999999996,1.4031399999999996,5595
2026-07-16T03:00:00+00:00,1.4031399999999996,1.4032199999999997,1.4026099999999997,1.4027999999999996,4654
2026-07-16T04:00:00+00:00,1.4027999999999996,1.4029599999999995,1.4025099999999997,1.4027999999999996,4321
2026-07-16T05:00:00+00:00,1.4027999999999996,1.4031899999999995,1.4025899999999996,1.4030799999999997,6327
2026-07-16T06:00:00+00:00,1.4030799999999997,1.4032599999999995,1.4022099999999995,1.4022999999999997,8108
2026-07-16T07:00:00+00:00,1.4022999999999997,1.4027899999999995,1.4021299999999997,1.4027599999999996,7634
2026-07-16T08:00:00+00:00,1.4027599999999996,1.4029899999999995,1.4022299999999996,1.4022999999999997,7885
2026-07-16T09:00:00+00:00,1.4022999999999997,1.4029099999999997,1.4021699999999997,1.4021999999999997,7580
2026-07-16T10:00:00+00:00,1.4021999999999997,1.4022499999999996,1.4015999999999995,1.4018499999999996,7102
2026-07-16T11:00:00+00:00,1.4018499999999996,1.4019399999999995,1.4011699999999996,1.4013499999999997,9506
2026-07-16T12:00:00+00:00,1.4013499999999997,1.4013899999999997,1.4001299999999997,1.4009499999999997,12891
2026-07-16T13:00:00+00:00,1.4009499999999997,1.4012599999999995,1.3991299999999995,1.4002899999999996,13625
2026-07-16T14:00:00+00:00,1.4002899999999996,1.4014699999999995,1.3999399999999995,1.4013399999999996,13384
2026-07-16T15:00:00+00:00,1.4013399999999996,1.4022699999999997,1.4013399999999996,1.4015399999999996,10868
2026-07-16T16:00:00+00:00,1.4015399999999996,1.4032399999999996,1.4014099999999996,1.4031399999999996,8031
2026-07-16T17:00:00+00:00,1.4031399999999996,1.4039399999999995,1.4030599999999995,1.4034299999999995,9135
2026-07-16T18:00:00+00:00,1.4034299999999995,1.4037599999999997,1.4029099999999997,1.4029399999999996,7470
2026-07-16T19:00:00+00:00,1.4029399999999996,1.4033099999999996,1.4027199999999995,1.4029499999999997,5566
2026-07-16T20:00:00+00:00,1.4029499999999997,1.4033999999999995,1.4022199999999996,1.4022599999999996,2956
2026-07-16T21:00:00+00:00,1.4022599999999996,1.4023799999999995,1.4015799999999996,1.4020099999999995,1059.2923237563825
2026-07-16T22:00:00+00:00,1.4020099999999995,1.4024299999999996,1.4019599999999997,1.4023599999999996,941
2026-07-16T23:00:00+00:00,1.4023599999999996,1.4023699999999997,1.4018099999999996,1.4019399999999995,2122
2026-07-17T00:00:00+00:00,1.4019399999999995,1.4021599999999996,1.4015099999999996,1.4015899999999997,8304
2026-07-17T01:00:00+00:00,1.4015899999999997,1.4021699999999995,1.4010499999999995,1.4019699999999995,8055
2026-07-17T02:00:00+00:00,1.4019699999999995,1.4022599999999996,1.4017899999999996,1.4022199999999996,7271
2026-07-17T03:00:00+00:00,1.4022199999999996,1.4022499999999996,1.4017199999999996,1.4017699999999995,9059
2026-07-17T04:00:00+00:00,1.4017699999999995,1.4019499999999996,1.4014999999999995,1.4018599999999997,8654
2026-07-17T05:00:00+00:00,1.4018599999999997,1.4019099999999995,1.4012699999999996,1.4017999999999995,8430
2026-07-17T06:00:00+00:00,1.4017999999999995,1.4021299999999997,1.4010099999999996,1.4012499999999997,8322
2026-07-17T07:00:00+00:00,1.4012499999999997,1.4014999999999995,1.4006999999999996,1.4010299999999996,7622
2026-07-17T08:00:00+00:00,1.4010299999999996,1.4019399999999995,1.4008299999999996,1.4012499999999997,9881
2026-07-17T09:00:00+00:00,1.4012499999999997,1.4016799999999996,1.4010199999999995,1.4012199999999995,7514
2026-07-17T10:00:00+00:00,1.4012199999999995,1.4020099999999995,1.4007699999999996,1.4018899999999996,8035
2026-07-17T11:00:00+00:00,1.4018899999999996,1.4021499999999996,1.4002399999999995,1.4007599999999996,7349
2026-07-17T12:00:00+00:00,1.4007599999999996,1.4010799999999997,1.4001399999999995,1.4006699999999996,9453
2026-07-17T13:00:00+00:00,1.4006699999999996,1.4007999999999996,1.3989699999999996,1.3991799999999996,13603
2026-07-17T14:00:00+00:00,1.3991799999999996,1.3999099999999995,1.3987599999999996,1.3994099999999996,13456
2026-07-17T15:00:00+00:00,1.3994099999999996,1.4001999999999997,1.3987699999999996,1.3996999999999995,10910
2026-07-17T16:00:00+00:00,1.3996999999999995,1.3999999999999995,1.3986599999999996,1.3991199999999995,10167
2026-07-17T17:00:00+00:00,1.3991199999999995,1.3997799999999996,1.3990699999999996,1.3996699999999995,5813
2026-07-17T18:00:00+00:00,1.3996699999999995,1.3997799999999996,1.3989699999999996,1.3992799999999996,6389
2026-07-17T19:00:00+00:00,1.3992799999999996,1.4003399999999995,1.3990199999999995,1.3991999999999996,5055
2026-07-17T20:00:00+00:00,1.3991999999999996,1.4002199999999996,1.3989899999999995,1.4001799999999998,3412.996905346281
2026-07-19T21:00:00+00:00,1.4001799999999998,1.4002999999999994,1.3995999999999995,1.4000999999999995,1052.0270840460003
2026-07-19T22:00:00+00:00,1.4000999999999995,1.4018799999999996,1.4000999999999995,1.4015299999999995,2616
2026-07-19T23:00:00+00:00,1.4015299999999995,1.4018699999999995,1.4013899999999995,1.4015199999999997,2791
2026-07-20T00:00:00+00:00,1.4015199999999997,1.4016599999999995,1.4007899999999995,1.4008199999999995,5641
2026-07-20T01:00:00+00:00,1.4008199999999995,1.4008699999999996,1.4002699999999995,1.4002799999999995,7693
2026-07-20T02:00:00+00:00,1.4002799999999995,1.4004899999999996,1.4000699999999995,1.4002999999999997,6567
2026-07-20T03:00:00+00:00,1.4002999999999997,1.4005199999999995,1.4001299999999997,1.4002099999999995,4417
2026-07-20T04:00:00+00:00,1.4002099999999995,1.4003599999999996,1.3999699999999995,1.4000799999999995,3699
2026-07-20T05:00:00+00:00,1.4000799999999995,1.4006799999999995,1.4000499999999996,1.4006199999999995,4442
2026-07-20T06:00:00+00:00,1.4006199999999995,1.4006699999999996,1.4000699999999995,1.4004799999999995,6127
2026-07-20T07:00:00+00:00,1.4004799999999995,1.4011199999999995,1.3998699999999995,1.4010499999999995,8469
2026-07-20T08:00:00+00:00,1.4010499999999995,1.4021699999999995,1.4008599999999996,1.4018199999999996,5753
2026-07-20T09:00:00+00:00,1.4018199999999996,1.4030599999999995,1.4017699999999995,1.4026199999999995,6475
2026-07-20T10:00:00+00:00,1.4026199999999995,1.4026499999999995,1.4017499999999996,1.4021499999999996,6301
2026-07-20T11:00:00+00:00,1.4021499999999996,1.4032599999999995,1.4014299999999995,1.4031299999999995,9739
2026-07-20T12:00:00+00:00,1.4031299999999995,1.4047899999999995,1.4024699999999997,1.4040799999999996,11084
2026-07-20T13:00:00+00:00,1.4040799999999996,1.4047899999999995,1.4035799999999996,1.4037899999999996,8502
2026-07-20T14:00:00+00:00,1.4037899999999996,1.4053399999999996,1.4034999999999995,1.4052699999999996,11040
2026-07-20T15:00:00+00:00,1.4052699999999996,1.4061699999999995,1.4049499999999995,1.4055699999999995,10464
2026-07-20T16:00:00+00:00,1.4055699999999995,1.4056299999999995,1.4046499999999995,1.4052899999999995,7604
2026-07-20T17:00:00+00:00,1.4052899999999995,1.4055799999999996,1.4050099999999996,1.4051999999999996,5331
2026-07-20T18:00:00+00:00,1.4051999999999996,1.4056099999999996,1.4048899999999995,1.4054399999999996,6037
2026-07-20T19:00:00+00:00,1.4054399999999996,1.4061899999999996,1.4052999999999995,1.4060799999999996,5665
2026-07-20T20:00:00+00:00,1.4060799999999996,1.4067699999999996,1.4058999999999995,1.4064799999999995,3204
2026-07-20T21:00:00+00:00,1.4064799999999995,1.4079799999999996,1.4056399999999996,1.4076999999999995,1867
2026-07-20T22:00:00+00:00,1.4076999999999995,1.4080599999999996,1.4071599999999995,1.4073799999999996,2168
2026-07-20T23:00:00+00:00,1.4073799999999996,1.4074599999999995,1.4066199999999995,1.4067099999999995,1781.1462483850062
2026-07-21T00:00:00+00:00,1.4067099999999995,1.4073999999999995,1.4065399999999995,1.4070099999999996,4492
2026-07-21T01:00:00+00:00,1.4070099999999996,1.4072499999999997,1.4067899999999995,1.4070099999999996,6920
2026-07-21T02:00:00+00:00,1.4070099999999996,1.4075999999999995,1.4067299999999996,1.4075999999999995,5431
2026-07-21T03:00:00+00:00,1.4075999999999995,1.4076699999999995,1.4071999999999996,1.4074899999999995,4237
2026-07-21T04:00:00+00:00,1.4074899999999995,1.4075099999999996,1.4066999999999996,1.4067099999999995,4224
2026-07-21T05:00:00+00:00,1.4067099999999995,1.4068599999999996,1.4063099999999995,1.4066299999999996,4301
2026-07-21T06:00:00+00:00,1.4066299999999996,1.4073299999999995,1.4057999999999995,1.4059499999999996,8867
2026-07-21T07:00:00+00:00,1.4059499999999996,1.4062699999999995,1.4053699999999996,1.4060699999999995,8439
2026-07-21T08:00:00+00:00,1.4060699999999995,1.4064699999999997,1.4059299999999995,1.4061599999999996,11052
2026-07-21T09:00:00+00:00,1.4061599999999996,1.4062499999999996,1.4051199999999995,1.4052999999999995,6801
2026-07-21T10:00:00+00:00,1.4052999999999995,1.4058299999999995,1.4049999999999996,1.4056199999999996,4940
2026-07-21T11:00:00+00:00,1.4056199999999996,1.4065699999999997,1.4052999999999995,1.4061599999999996,7966
2026-07-21T12:00:00+00:00,1.4061599999999996,1.4076999999999995,1.4061099999999995,1.4071299999999995,9937
2026-07-21T13:00:00+00:00,1.4071299999999995,1.4085299999999996,1.4069999999999996,1.4083999999999997,12372
2026-07-21T14:00:00+00:00,1.4083999999999997,1.4095099999999996,1.4072199999999995,1.4087099999999995,12971
2026-07-21T15:00:00+00:00,1.4087099999999995,1.4097399999999995,1.4085299999999996,1.4093299999999995,11861
2026-07-21T16:00:00+00:00,1.4093299999999995,1.4100399999999995,1.4092499999999997,1.4093699999999996,5451
2026-07-21T17:00:00+00:00,1.4093699999999996,1.4100899999999996,1.4090899999999995,1.4097499999999996,4934
2026-07-21T18:00:00+00:00,1.4097499999999996,1.4106299999999996,1.4097499999999996,1.4102899999999996,6261
2026-07-21T19:00:00+00:00,1.4102899999999996,1.4106599999999996,1.4100899999999996,1.4101299999999997,5782
2026-07-21T20:00:00+00:00,1.4101299999999997,1.4106199999999995,1.4099399999999995,1.4102699999999995,2623
2026-07-21T21:00:00+00:00,1.4102699999999995,1.4104199999999996,1.4099499999999996,1.4103199999999996,783.83546466105
2026-07-21T22:00:00+00:00,1.4103199999999996,1.4105399999999995,1.4100999999999995,1.4104699999999994,1276
2026-07-21T23:00:00+00:00,1.4104699999999994,1.4106699999999994,1.4100699999999995,1.4100999999999995,1860
2026-07-22T00:00:00+00:00,1.4100999999999995,1.4103399999999995,1.4096699999999995,1.4100499999999996,5681
2026-07-22T01:00:00+00:00,1.4100499999999996,1.4101899999999994,1.4094399999999996,1.4099499999999996,5026
2026-07-22T02:00:00+00:00,1.4099499999999996,1.4102599999999994,1.4097799999999996,1.4100399999999995,4320
2026-07-22T03:00:00+00:00,1.4100399999999995,1.4102199999999996,1.4097999999999995,1.4100599999999994,3827
2026-07-22T04:00:00+00:00,1.4100599999999994,1.4103699999999995,1.4099899999999994,1.4100599999999994,4022
2026-07-22T05:00:00+00:00,1.4100599999999994,1.4101999999999995,1.4098399999999995,1.4098599999999994,3861
2026-07-22T06:00:00+00:00,1.4098599999999994,1.4099899999999994,1.4093299999999995,1.4093799999999994,7690
2026-07-22T07:00:00+00:00,1.4093799999999994,1.4094799999999994,1.4077899999999994,1.4085399999999995,7971
2026-07-22T08:00:00+00:00,1.4085399999999995,1.4091899999999995,1.4085099999999995,1.4089599999999995,7758
2026-07-22T09:00:00+00:00,1.4089599999999995,1.4095499999999994,1.4087199999999995,1.4091199999999995,6825
2026-07-22T10:00:00+00:00,1.4091199999999995,1.4100699999999995,1.4090999999999996,1.4096599999999995,7366
2026-07-22T11:00:00+00:00,1.4096599999999995,1.4096999999999995,1.4085299999999994,1.4085699999999994,8538
2026-07-22T12:00:00+00:00,1.4085699999999994,1.4089499999999995,1.4076499999999994,1.4086899999999996,10214
2026-07-22T13:00:00+00:00,1.4086899999999996,1.4088399999999994,1.4071899999999995,1.4085299999999994,12237
2026-07-22T14:00:00+00:00,1.4085299999999994,1.4085899999999996,1.4074499999999994,1.4079899999999994,11433
2026-07-22T15:00:00+00:00,1.4079899999999994,1.4083099999999995,1.4076399999999996,1.4080699999999995,8181
2026-07-22T16:00:00+00:00,1.4080699999999995,1.4090099999999994,1.4079899999999994,1.4088699999999994,5564
2026-07-22T17:00:00+00:00,1.4088699999999994,1.4090199999999995,1.4085599999999996,1.4087899999999995,4170
2026-07-22T18:00:00+00:00,1.4087899999999995,1.4088999999999996,1.4080599999999994,1.4080899999999994,4124
2026-07-22T19:00:00+00:00,1.4080899999999994,1.4083699999999995,1.4079699999999995,1.4079799999999996,3760
2026-07-22T20:00:00+00:00,1.4079799999999996,1.4083299999999994,1.4076099999999996,1.4082199999999996,2738
2026-07-22T21:00:00+00:00,1.4082199999999996,1.4083899999999996,1.40724,1.40765,2711.789032662719
2026-07-22T22:00:00+00:00,1.40765,1.4084500000000002,1.40765,1.4082500000000002,939
2026-07-22T23:00:00+00:00,1.4082500000000002,1.4083,1.4080400000000002,1.4080700000000002,2345.953362255965
2026-07-23T00:00:00+00:00,1.4080700000000002,1.4081700000000001,1.4074400000000002,1.4074500000000003,6502
2026-07-23T01:00:00+00:00,1.4074500000000003,1.4074500000000003,1.4067200000000002,1.4069500000000001,7821
2026-07-23T02:00:00+00:00,1.4069500000000001,1.4069700000000003,1.4059600000000003,1.4060000000000001,6116
2026-07-23T03:00:00+00:00,1.4060000000000001,1.4064500000000002,1.4057100000000002,1.4059200000000003,6816
2026-07-23T04:00:00+00:00,1.4059200000000003,1.4060500000000002,1.4055800000000003,1.4059500000000003,7488
2026-07-23T05:00:00+00:00,1.4059500000000003,1.4064600000000003,1.4057900000000003,1.4059100000000002,5318
2026-07-23T06:00:00+00:00,1.4059100000000002,1.4062300000000003,1.4051600000000002,1.40613,7247
2026-07-23T07:00:00+00:00,1.40613,1.4068600000000002,1.4052700000000002,1.4064600000000003,9738
2026-07-23T08:00:00+00:00,1.4064600000000003,1.4072500000000001,1.4062800000000002,1.40708,8333
2026-07-23T09:00:00+00:00,1.40708,1.4077200000000003,1.4068100000000001,1.4076000000000002,6012
2026-07-23T10:00:00+00:00,1.4076000000000002,1.4082600000000003,1.4075800000000003,1.4078900000000003,8413
2026-07-23T11:00:00+00:00,1.4078900000000003,1.4086200000000002,1.4069700000000003,1.4073900000000001,10286
2026-07-23T12:00:00+00:00,1.4073900000000001,1.4085200000000002,1.4065800000000002,1.4077900000000003,12419
2026-07-23T13:00:00+00:00,1.4077900000000003,1.4083300000000003,1.4064600000000003,1.4074100000000003,17510
2026-07-23T14:00:00+00:00,1.4074100000000003,1.4086700000000003,1.4071100000000003,1.4080900000000003,19350
2026-07-23T15:00:00+00:00,1.4080900000000003,1.4094600000000002,1.4079100000000002,1.4082800000000002,13471
2026-07-23T16:00:00+00:00,1.4082800000000002,1.4085000000000003,1.4071500000000001,1.4071800000000003,8319
2026-07-23T17:00:00+00:00,1.4071800000000003,1.4076000000000002,1.4070200000000002,1.4075700000000002,6885
2026-07-23T18:00:00+00:00,1.4075700000000002,1.4077800000000003,1.4070600000000002,1.4070900000000002,6631
2026-07-23T19:00:00+00:00,1.4070900000000002,1.4079100000000002,1.4070500000000001,1.4078200000000003,6771
2026-07-23T20:00:00+00:00,1.4078200000000003,1.4084400000000001,1.40769,1.4078900000000003,3070
2026-07-23T21:00:00+00:00,1.4078900000000003,1.4078900000000003,1.4069400000000003,1.4073300000000002,1435.9418393525893
2026-07-23T22:00:00+00:00,1.4073300000000002,1.4079400000000002,1.4073300000000002,1.4077600000000001,1021
2026-07-23T23:00:00+00:00,1.4077600000000001,1.4081400000000002,1.4076800000000003,1.4080300000000001,2257
2026-07-24T00:00:00+00:00,1.4080300000000001,1.40813,1.4065400000000001,1.4065400000000001,8768
2026-07-24T01:00:00+00:00,1.4065400000000001,1.4068400000000003,1.4062700000000001,1.4067500000000002,13331
2026-07-24T02:00:00+00:00,1.4067500000000002,1.40735,1.4067100000000001,1.4073300000000002,9974
2026-07-24T03:00:00+00:00,1.4073300000000002,1.4074500000000003,1.4071000000000002,1.4071700000000003,7901
2026-07-24T04:00:00+00:00,1.4071700000000003,1.4078600000000001,1.4070600000000002,1.4076700000000002,6917
2026-07-24T05:00:00+00:00,1.4076700000000002,1.4078300000000001,1.4071100000000003,1.4077600000000001,10480
2026-07-24T06:00:00+00:00,1.4077600000000001,1.4079200000000003,1.40691,1.4070000000000003,9881
2026-07-24T07:00:00+00:00,1.4070000000000003,1.4072200000000001,1.4060900000000003,1.4070900000000002,10438
2026-07-24T08:00:00+00:00,1.4070900000000002,1.4074800000000003,1.4068800000000001,1.4073700000000002,9207
2026-07-24T09:00:00+00:00,1.4073700000000002,1.4082300000000003,1.4073000000000002,1.4075100000000003,7655
2026-07-24T10:00:00+00:00,1.4075100000000003,1.4076600000000001,1.4067300000000003,1.40735,8495
2026-07-24T11:00:00+00:00,1.40735,1.4085400000000001,1.4072200000000001,1.4083,7101
2026-07-24T12:00:00+00:00,1.4083,1.41013,1.4079000000000002,1.4101100000000002,11229
2026-07-24T13:00:00+00:00,1.4101100000000002,1.4109800000000001,1.4091100000000003,1.4092600000000002,12950
2026-07-24T14:00:00+00:00,1.4092600000000002,1.4094100000000003,1.4073800000000003,1.4076800000000003,14431
2026-07-24T15:00:00+00:00,1.4076800000000003,1.40813,1.4069200000000002,1.4074600000000002,11236
2026-07-24T16:00:00+00:00,1.4074600000000002,1.4082900000000003,1.4072900000000002,1.4080000000000001,6308
2026-07-24T17:00:00+00:00,1.4080000000000001,1.4094500000000003,1.4080000000000001,1.4092300000000002,6853
2026-07-24T18:00:00+00:00,1.4092300000000002,1.4093700000000002,1.4090000000000003,1.4091200000000002,5478
2026-07-24T19:00:00+00:00,1.4091200000000002,1.4097300000000001,1.4090600000000002,1.4095700000000002,5281
2026-07-24T20:00:00+00:00,1.4095700000000002,1.4098700000000002,1.4085900000000002,1.4086800000000002,2743.540878257765
2026-07-26T21:00:00+00:00,1.4086800000000002,1.40887,1.4075900000000001,1.4077000000000002,621.3028052726513
2026-07-26T22:00:00+00:00,1.4077000000000002,1.4089900000000002,1.4077000000000002,1.4088800000000001,2377
2026-07-26T23:00:00+00:00,1.4088800000000001,1.40891,1.40847,1.4085400000000001,3438
2026-07-27T00:00:00+00:00,1.4085400000000001,1.4085400000000001,1.40717,1.4079700000000002,10135
2026-07-27T01:00:00+00:00,1.4079700000000002,1.4079800000000002,1.40697,1.4069800000000001,9112
2026-07-27T02:00:00+00:00,1.4069800000000001,1.4077000000000002,1.4069,1.4076300000000002,6843
2026-07-27T03:00:00+00:00,1.4076300000000002,1.40836,1.40751,1.40809,6174
2026-07-27T04:00:00+00:00,1.40809,1.4085100000000002,1.4080400000000002,1.40819,4024
2026-07-27T05:00:00+00:00,1.40819,1.4084100000000002,1.40792,1.40836,6560
2026-07-27T06:00:00+00:00,1.40836,1.4101000000000001,1.40829,1.4095400000000002,8827
2026-07-27T07:00:00+00:00,1.4095400000000002,1.4099300000000001,1.4090900000000002,1.40961,8137
2026-07-27T08:00:00+00:00,1.40961,1.4098400000000002,1.40897,1.4097400000000002,6962
2026-07-27T09:00:00+00:00,1.4097400000000002,1.4104400000000001,1.4095900000000001,1.4104400000000001,6273
2026-07-27T10:00:00+00:00,1.4104400000000001,1.4106100000000001,1.4099800000000002,1.4105100000000002,8737
2026-07-27T11:00:00+00:00,1.4105100000000002,1.41077,1.4098400000000002,1.4106500000000002,5771
2026-07-27T12:00:00+00:00,1.4106500000000002,1.41077,1.4101800000000002,1.4107,6947
2026-07-27T13:00:00+00:00,1.4107,1.4111200000000002,1.40979,1.40995,11132
2026-07-27T14:00:00+00:00,1.40995,1.41168,1.40995,1.4111900000000002,12700
2026-07-27T15:00:00+00:00,1.4111900000000002,1.41135,1.4106200000000002,1.41104,12019
2026-07-27T16:00:00+00:00,1.41104,1.41138,1.41063,1.41107,8620
2026-07-27T17:00:00+00:00,1.41107,1.4119300000000001,1.41107,1.41192,6189
2026-07-27T18:00:00+00:00,1.41192,1.4124700000000001,1.41189,1.41233,4981
2026-07-27T19:00:00+00:00,1.41233,1.41236,1.4118100000000002,1.4120000000000001,5424
2026-07-27T20:00:00+00:00,1.4120000000000001,1.41249,1.41192,1.4121400000000002,1904
2026-07-27T21:00:00+00:00,1.4121400000000002,1.4121400000000002,1.41148,1.41171,675.7679778672857
2026-07-27T22:00:00+00:00,1.41171,1.41218,1.41171,1.4121000000000001,1161.0915581688366
2026-07-27T23:00:00+00:00,1.4121000000000001,1.41248,1.41199,1.41231,1972
2026-07-28T00:00:00+00:00,1.41231,1.41273,1.41154,1.41158,5042
2026-07-28T01:00:00+00:00,1.41158,1.41209,1.41113,1.41196,5538
2026-07-28T02:00:00+00:00,1.41196,1.41204,1.41134,1.41152,4826
2026-07-28T03:00:00+00:00,1.41152,1.41179,1.41096,1.41143,5550
2026-07-28T04:00:00+00:00,1.41143,1.4118300000000001,1.41137,1.4116900000000001,5623
2026-07-28T05:00:00+00:00,1.4116900000000001,1.4125100000000002,1.41152,1.41165,5434
2026-07-28T06:00:00+00:00,1.41165,1.41208,1.4111500000000001,1.41205,8827
2026-07-28T07:00:00+00:00,1.41205,1.41228,1.41084,1.41167,8113
2026-07-28T08:00:00+00:00,1.41167,1.4117,1.41096,1.41096,6447
2026-07-28T09:00:00+00:00,1.41096,1.41154,1.4106100000000001,1.41143,5332
2026-07-28T10:00:00+00:00,1.41143,1.41162,1.41059,1.4107,6128
2026-07-28T11:00:00+00:00,1.4107,1.41124,1.41026,1.41059,6628
2026-07-28T12:00:00+00:00,1.41059,1.41157,1.41046,1.41118,6737
2026-07-28T13:00:00+00:00,1.41118,1.41118,1.4097300000000001,1.40975,11836
2026-07-28T14:00:00+00:00,1.40975,1.4106400000000001,1.4094600000000002,1.41032,11045
2026-07-28T15:00:00+00:00,1.41032,1.41045,1.4085,1.40907,11380
2026-07-28T16:00:00+00:00,1.40907,1.4091900000000002,1.40846,1.4086800000000002,6522
2026-07-28T17:00:00+00:00,1.4086800000000002,1.4104700000000001,1.40863,1.4103700000000001,5774
2026-07-28T18:00:00+00:00,1.4103700000000001,1.4105800000000002,1.4099300000000001,1.4103700000000001,5108
2026-07-28T19:00:00+00:00,1.4103700000000001,1.4109,1.41008,1.41087,4298
2026-07-28T20:00:00+00:00,1.41087,1.41099,1.41042,1.41049,2630
2026-07-28T21:00:00+00:00,1.41049,1.41049,1.40955,1.4101,1671.309907510932
2026-07-28T22:00:00+00:00,1.4101,1.4104899999999998,1.4100499999999998,1.41038,1180.8004282296354
2026-07-28T23:00:00+00:00,1.41038,1.4106299999999998,1.41028,1.4104999999999999,2626
2026-07-29T00:00:00+00:00,1.4104999999999999,1.41082,1.4099199999999998,1.4099499999999998,6698
2026-07-29T01:00:00+00:00,1.4099499999999998,1.4103999999999999,1.4094799999999998,1.4096899999999999,8799
2026-07-29T02:00:00+00:00,1.4096899999999999,1.40993,1.4091099999999999,1.40956,6838
2026-07-29T03:00:00+00:00,1.40956,1.40957,1.4088999999999998,1.40913,7580
2026-07-29T04:00:00+00:00,1.40913,1.40926,1.40864,1.4088699999999998,7340
2026-07-29T05:00:00+00:00,1.4088699999999998,1.4092399999999998,1.4086599999999998,1.4089699999999998,5257
2026-07-29T06:00:00+00:00,1.4089699999999998,1.4099,1.4082899999999998,1.4095499999999999,8099
2026-07-29T07:00:00+00:00,1.4095499999999999,1.4097799999999998,1.40881,1.40937,10089
2026-07-29T08:00:00+00:00,1.40937,1.40974,1.4091099999999999,1.40966,8000
2026-07-29T09:00:00+00:00,1.40966,1.41005,1.40936,1.41005,7852
2026-07-29T10:00:00+00:00,1.41005,1.41048,1.40978,1.40982,6907
2026-07-29T11:00:00+00:00,1.40982,1.4099700000000002,1.4092900000000002,1.4097600000000001,7775
2026-07-29T12:00:00+00:00,1.4097600000000001,1.41043,1.4089200000000002,1.40911,9310
2026-07-29T13:00:00+00:00,1.40911,1.40992,1.40785,1.4079000000000002,10665
2026-07-29T14:00:00+00:00,1.4079000000000002,1.40937,1.40755,1.409,12723
2026-07-29T15:00:00+00:00,1.409,1.4091,1.40846,1.4086,10910
2026-07-29T16:00:00+00:00,1.4086,1.4098000000000002,1.40856,1.40934,7659
2026-07-29T17:00:00+00:00,1.40934,1.4096300000000002,1.40876,1.40901,7609
2026-07-29T18:00:00+00:00,1.40901,1.40901,1.40382,1.40387,22577
2026-07-29T19:00:00+00:00,1.40387,1.4056300000000002,1.40215,1.4055900000000001,25342
2026-07-29T20:00:00+00:00,1.4055900000000001,1.4056,1.40433,1.40446,6998
2026-07-29T21:00:00+00:00,1.40446,1.40446,1.4034300000000004,1.4038400000000004,842.8699752926109
2026-07-29T22:00:00+00:00,1.4038400000000004,1.4043200000000002,1.4036700000000004,1.4037400000000004,1330.0374992232591
2026-07-29T23:00:00+00:00,1.4037400000000004,1.4039100000000004,1.4031000000000005,1.4033500000000003,3776
2026-07-30T00:00:00+00:00,1.4033500000000003,1.4044600000000005,1.4028200000000004,1.4040900000000003,10155
2026-07-30T01:00:00+00:00,1.4040900000000003,1.4048200000000004,1.4037100000000005,1.4046900000000004,7005
2026-07-30T02:00:00+00:00,1.4046900000000004,1.4048600000000004,1.4044700000000003,1.4047200000000004,7490
2026-07-30T03:00:00+00:00,1.4047200000000004,1.4051100000000003,1.4045200000000004,1.4049700000000005,5526
2026-07-30T04:00:00+00:00,1.4049700000000005,1.4053200000000003,1.4047800000000004,1.4052400000000005,5148
2026-07-30T05:00:00+00:00,1.4052400000000005,1.4052400000000005,1.4045700000000003,1.4050000000000005,7176
2026-07-30T06:00:00+00:00,1.4050000000000005,1.4056400000000004,1.4048300000000005,1.4051800000000003,9342
2026-07-30T07:00:00+00:00,1.4051800000000003,1.4065000000000003,1.4050200000000004,1.4063800000000004,9761
2026-07-30T08:00:00+00:00,1.4063800000000004,1.4064800000000004,1.4052000000000002,1.4055000000000002,9286
2026-07-30T09:00:00+00:00,1.4055000000000002,1.40555,1.4044500000000002,1.4044600000000003,9056
2026-07-30T10:00:00+00:00,1.4044600000000003,1.40484,1.4033900000000001,1.4041000000000001,10689
2026-07-30T11:00:00+00:00,1.4041000000000001,1.4048900000000002,1.4035600000000001,1.4040000000000001,8938
2026-07-30T12:00:00+00:00,1.4040000000000001,1.40528,1.4034200000000001,1.4052700000000002,13893
2026-07-30T13:00:00+00:00,1.4052700000000002,1.4055900000000001,1.4005800000000002,1.4007500000000002,21461
2026-07-30T14:00:00+00:00,1.4007500000000002,1.4023700000000001,1.40009,1.4015100000000003,27596
2026-07-30T15:00:00+00:00,1.4015100000000003,1.4019100000000002,1.39986,1.4001000000000001,15259
2026-07-30T16:00:00+00:00,1.4001000000000001,1.4002500000000002,1.3992300000000002,1.3992300000000002,10061
2026-07-30T17:00:00+00:00,1.3992300000000002,1.4004600000000003,1.39891,1.3992400000000003,11535
2026-07-30T18:00:00+00:00,1.3992400000000003,1.3998100000000002,1.3988000000000003,1.3992400000000003,8066
2026-07-30T19:00:00+00:00,1.3992400000000003,1.4003200000000002,1.3992400000000003,1.4000200000000003,8124
2026-07-30T20:00:00+00:00,1.4000200000000003,1.4008200000000002,1.3998000000000002,1.40081,3072
2026-07-30T21:00:00+00:00,1.40081,1.4009900000000002,1.4002100000000002,1.4009600000000002,363.1882262144311
2026-07-30T22:00:00+00:00,1.4009600000000002,1.4010300000000002,1.4001000000000001,1.4003800000000002,1859
2026-07-30T23:00:00+00:00,1.4003800000000002,1.4009900000000002,1.4002400000000002,1.4009800000000001,3562
2026-07-31T00:00:00+00:00,1.4009800000000001,1.4013000000000002,1.4005300000000003,1.4012900000000001,8348
2026-07-31T01:00:00+00:00,1.4012900000000001,1.4016400000000002,1.4008200000000002,1.4015800000000003,10003
2026-07-31T02:00:00+00:00,1.4015800000000003,1.4016800000000003,1.4007600000000002,1.4014900000000001,6419
2026-07-31T03:00:00+00:00,1.4014900000000001,1.4021600000000003,1.4014900000000001,1.4017200000000003,6393
2026-07-31T04:00:00+00:00,1.4017200000000003,1.4018600000000003,1.4014300000000002,1.4017600000000001,7892
2026-07-31T05:00:00+00:00,1.4017600000000001,1.4021100000000002,1.4014800000000003,1.4018400000000002,7305
2026-07-31T06:00:00+00:00,1.4018400000000002,1.4018700000000002,1.4009100000000003,1.4012700000000002,13949
2026-07-31T07:00:00+00:00,1.4012700000000002,1.40203,1.4010100000000003,1.4019100000000002,9237
2026-07-31T08:00:00+00:00,1.4019100000000002,1.4020200000000003,1.4005600000000002,1.4007600000000002,11589
2026-07-31T09:00:00+00:00,1.4007600000000002,1.4015200000000003,1.4001700000000001,1.4012100000000003,11344
2026-07-31T10:00:00+00:00,1.4012100000000003,1.4021400000000002,1.4012000000000002,1.4020000000000001,5958
2026-07-31T11:00:00+00:00,1.4020000000000001,1.4034500000000003,1.4018400000000002,1.4034200000000001,7700
2026-07-31T12:00:00+00:00,1.4034200000000001,1.4048000000000003,1.4032900000000001,1.4034700000000002,9230
2026-07-31T13:00:00+00:00,1.4034700000000002,1.4038300000000001,1.4013900000000001,1.4038000000000002,18573
2026-07-31T14:00:00+00:00,1.4038000000000002,1.4056900000000003,1.4023700000000001,1.4028500000000002,22220
2026-07-31T15:00:00+00:00,1.4028500000000002,1.4033300000000002,1.4018500000000003,1.4028100000000001,17326
2026-07-31T16:00:00+00:00,1.4028100000000001,1.4030100000000003,1.4021100000000002,1.4028100000000001,11525
2026-07-31T17:00:00+00:00,1.4028100000000001,1.4029200000000002,1.4009700000000003,1.4017200000000003,13412
2026-07-31T18:00:00+00:00,1.4017200000000003,1.4022300000000003,1.4016000000000002,1.4017100000000002,8977
2026-07-31T19:00:00+00:00,1.4017100000000002,1.4017100000000002,1.4007900000000002,1.4015700000000002,6781
2026-07-31T20:00:00+00:00,1.4015700000000002,1.4018600000000003,1.3999100000000002,1.4010000000000002,8848
